<?xml version="1.0" encoding="UTF-8" ?>
<!DOCTYPE topic PUBLIC "-//OASIS//DTD DITA 1.1 Topic//EN"
  "http://docs.oasis-open.org/dita/v1.1/OS/dtd/topic.dtd">
<topic id="topic1" xml:lang="en">
<!-- generated by DCL filter dwhtm, Ver 4.1 m210 h293 -->
<title id="eu135496">System Catalog Reference</title>
<body>
<p>This reference describes the Greenplum Database system catalog tables
and views. System tables prefixed with gp_ relate to the parallel features
of Greenplum Database. Tables prefixed with <i>pg_</i> are either standard
PostgreSQL system catalog tables supported in Greenplum Database, or
are related to features Greenplum that provides to enhance PostgreSQL
for data warehousing workloads. Note that the global system catalog for
Greenplum Database resides on the master instance.</p>
</body>

<topic id="topic2" xml:lang="en">
<!-- generated by DCL filter dwhtm, Ver 4.1 m210 h293 -->
<title>System Tables</title>
<body>
<ul>
<li id="eu150153">
<p>gp_configuration (Deprecated. See <xref
 href="./gp_segment_configuration.xml#topic1" type="topic" format="xml"></xref>.)<indexterm>gp_configuration
</indexterm><indexterm>system catalogs
<indexterm>gp_configuration</indexterm>
</indexterm></p>
</li>
<li id="eu150554">
<p><xref
 href="./gp_configuration_history.xml#topic1" type="topic" format="xml"></xref></p>
</li>
<li id="eu150176">
<p><xref
 href="./gp_db_interfaces.xml#Rir18179" type="topic" format="xml"></xref></p>
</li>
<li id="eu150300">
<p><xref
 href="./gp_distribution_policy.xml#topic1" type="topic" format="xml"></xref></p>
</li>
<li id="eu150308">
<p><xref
 href="./gp_fastsequence.xml#topic1" type="topic" format="xml"></xref></p>
</li>
<li id="eu150471">
<p><xref
 href="./gp_fault_strategy.xml#topic1" type="topic" format="xml"></xref></p>
</li>
<li id="eu150472">
<p><xref
 href="./gp_global_sequence.xml#topic1" type="topic" format="xml"></xref></p>
</li>
<li id="eu150476">
<p><xref
 href="./gp_id.xml#topic1" type="topic" format="xml"></xref></p>
</li>
<li id="eu150180">
<p><xref
 href="./gp_interfaces.xml#topic1" type="topic" format="xml"></xref></p>
</li>
<li id="eu152757">
<p>gp_master_mirroring (Deprecated. See <xref
 href="./pg_stat_replication.xml#topic1" type="topic" format="xml"></xref>.)</p>
</li>
<li id="eu150169">
<p><xref
 href="./gp_persistent_database_node.xml#topic1" type="topic" format="xml"></xref></p>
</li>
<li id="eu150359">
<p><xref
 href="./gp_persistent_filespace_node.xml#topic1" type="topic" format="xml"></xref></p>
</li>
<li id="eu150344">
<p><xref
 href="./gp_persistent_relation_node.xml#topic1" type="topic" format="xml"></xref></p>
</li>
<li id="eu150345">
<p><xref
 href="./gp_persistent_tablespace_node.xml#topic1" type="topic" format="xml"></xref></p>
</li>
<li id="eu150346">
<p><xref
 href="./gp_relation_node.xml#topic1" type="topic" format="xml"></xref></p>
</li>
<li id="eu149838">
<p><xref
 href="./gp_san_configuration.xml#topic1" type="topic" format="xml"></xref></p>
</li>
<li id="eu150031">
<p><xref
 href="./gp_segment_configuration.xml#topic1" type="topic" format="xml"></xref></p>
</li>
<li id="eu149842">
<p><xref
 href="./gp_version_at_initdb.xml#topic1" type="topic" format="xml"></xref></p>
</li>
<li id="eu150337">
<p><xref
 href="./gp_expansion_status.xml#topic1" type="topic" format="xml"></xref></p>
</li>
<li id="eu150332">
<p><xref
 href="./gp_expansion_tables.xml#topic1" type="topic" format="xml"></xref></p>
</li>
<li id="eu149846">
<p><xref
 href="./pg_aggregate.xml#topic1" type="topic" format="xml"></xref></p>
</li>
<li id="eu149850">
<p><xref
 href="./pg_am.xml#topic1" type="topic" format="xml"></xref></p>
</li>
<li id="eu149854">
<p><xref
 href="./pg_amop.xml#topic1" type="topic" format="xml"></xref></p>
</li>
<li id="eu149858">
<p><xref
 href="./pg_amproc.xml#topic1" type="topic" format="xml"></xref></p>
</li>
<li id="eu150689">
<p><xref
 href="./pg_appendonly.xml#topic1" type="topic" format="xml"></xref></p>
</li>
<li id="eu150693">
<p>pg_appendonly_alter_column (not supported in 4.3)</p>
</li>
<li id="eu150697">
<p><xref
 href="./pg_attrdef.xml#topic1" type="topic" format="xml"></xref></p>
</li>
<li id="eu149866">
<p><xref
 href="./pg_attribute.xml#topic1" type="topic" format="xml"></xref></p>
</li>
<li id="eu150369">
<p><xref
 href="./pg_auth_members.xml#topic1" type="topic" format="xml"></xref></p>
</li>
<li id="eu149870">
<p><xref
 href="./pg_authid.xml#topic1" type="topic" format="xml"></xref></p>
</li>
<li id="eu149878">
<p>pg_autovacuum (not supported in 4.2.5 and later)</p>
</li>
<li id="eu149882">
<p><xref
 href="./pg_cast.xml#topic1" type="topic" format="xml"></xref></p>
</li>
<li id="eu149886">
<p><xref
 href="./pg_class.xml#topic1" type="topic" format="xml"></xref></p>
</li>
<li id="eu149890">
<p><xref
 href="./pg_constraint.xml#topic1" type="topic" format="xml"></xref></p>
</li>
<li id="eu149894">
<p><xref
 href="./pg_conversion.xml#topic1" type="topic" format="xml"></xref></p>
</li>
<li id="eu149898">
<p><xref
 href="./pg_database.xml#topic1" type="topic" format="xml"></xref></p>
</li>
<li id="eu149902">
<p><xref
 href="./pg_depend.xml#topic1" type="topic" format="xml"></xref></p>
</li>
<li id="eu149906">
<p><xref
 href="./pg_description.xml#topic1" type="topic" format="xml"></xref></p>
</li>
<li id="eu150510">
<p><xref
 href="./pg_exttable.xml#topic1" type="topic" format="xml"></xref></p>
</li>
<li id="eu150511">
<p><xref
 href="./pg_filespace.xml#topic1" type="topic" format="xml"></xref></p>
</li>
<li id="eu150515">
<p><xref
 href="./pg_filespace_entry.xml#topic1" type="topic" format="xml"></xref></p>
</li>
<li id="eu150585">
<p>pg_foreign_data_wrapper (not supported in 4.3)<indexterm>pg_foreign_data_wrapper
</indexterm><indexterm>system catalogs
<indexterm>pg_foreign_data_wrapper</indexterm>
</indexterm></p>
</li>
<li id="eu150589">
<p>pg_foreign_server (not supported in 4.3)<indexterm>pg_foreign_server
</indexterm><indexterm>system catalogs
<indexterm>pg_foreign_server</indexterm>
</indexterm></p>
</li>
<li id="eu150593">
<p>pg_foreign_table (not supported in 4.3)<indexterm>pg_foreign_table
</indexterm><indexterm>system catalogs
<indexterm>pg_foreign_table</indexterm>
</indexterm></p>
</li>
<li id="eu149914">
<p><xref
 href="./pg_index.xml#topic1" type="topic" format="xml"></xref></p>
</li>
<li id="eu150394">
<p><xref
 href="./pg_inherits.xml#topic1" type="topic" format="xml"></xref></p>
</li>
<li id="eu149922">
<p><xref
 href="./pg_language.xml#topic1" type="topic" format="xml"></xref></p>
</li>
<li id="eu150037">
<p><xref
 href="./pg_largeobject.xml#topic1" type="topic" format="xml"></xref></p>
</li>
<li id="eu149926">
<p><xref
 href="./pg_listener.xml#topic1" type="topic" format="xml"></xref></p>
</li>
<li id="eu149934">
<p><xref
 href="./pg_namespace.xml#topic1" type="topic" format="xml"></xref></p>
</li>
<li id="eu149938">
<p><xref
 href="./pg_opclass.xml#topic1" type="topic" format="xml"></xref></p>
</li>
<li id="eu150406">
<p><xref
 href="./pg_operator.xml#topic1" type="topic" format="xml"></xref></p>
</li>
<li id="eu150051">
<p><xref
 href="./pg_partition.xml#topic1" type="topic" format="xml"></xref></p>
</li>
<li id="eu150052">
<p><xref
 href="./pg_partition_rule.xml#topic1" type="topic" format="xml"></xref></p>
</li>
<li id="eu149946">
<p><xref
 href="./pg_pltemplate.xml#topic1" type="topic" format="xml"></xref></p>
</li>
<li id="eu149950">
<p><xref
 href="./pg_proc.xml#topic1" type="topic" format="xml"></xref></p>
</li>
<li id="eu150193">
<p><xref
 href="./pg_resourcetype.xml#topic1" type="topic" format="xml"></xref></p>
</li>
<li id="eu149954">
<p><xref
 href="./pg_resqueue.xml#topic1" type="topic" format="xml"></xref></p>
</li>
<li id="eu150194">
<p><xref
 href="./pg_resqueuecapability.xml#topic1" type="topic" format="xml"></xref></p>
</li>
<li id="eu149958">
<p><xref
 href="./pg_rewrite.xml#topic1" type="topic" format="xml"></xref></p>
</li>
<li id="eu149962">
<p><xref
 href="./pg_shdepend.xml#topic1" type="topic" format="xml"></xref></p>
</li>
<li id="eu149966">
<p><xref
 href="./pg_shdescription.xml#topic1" type="topic" format="xml"></xref></p>
</li>
<li id="eu150416">
<p><xref
 href="./pg_stat_last_operation.xml#topic1" type="topic" format="xml"></xref></p>
</li>
<li id="eu150417">
<p><xref
 href="./pg_stat_last_shoperation.xml#topic1" type="topic" format="xml"></xref></p>
</li>
<li id="eu149970">
<p><xref
 href="./pg_statistic.xml#topic1" type="topic" format="xml"></xref></p>
</li>
<li id="eu149974">
<p><xref
 href="./pg_tablespace.xml#topic1" type="topic" format="xml"></xref></p>
</li>
<li id="eu151113">
<p><xref
 href="./pg_trigger.xml#topic1" type="topic" format="xml"></xref></p>
</li>
<li id="eu151117">
<p><xref
 href="./pg_type.xml#topic1" type="topic" format="xml"></xref></p>
</li>
<li id="eu151122">
<p>pg_user_mapping (not supported in 4.3)<indexterm>pg_user_mapping
</indexterm><indexterm>system catalogs
<indexterm>pg_user_mapping</indexterm>
</indexterm></p>
</li>
<li id="eu149986">
<p><xref
 href="./pg_window.xml#topic1" type="topic" format="xml"></xref></p>
</li>
</ul>
<section id="eu149987">
<title>System Views</title>
<p>Greenplum Database provides the following system views not available
in PostgreSQL.</p>
<ul>
<li id="eu149995">
<p><xref
 href="./gp_distributed_log.xml#topic1" type="topic" format="xml"></xref></p>
</li>
<li id="eu150129">
<p><xref
 href="./gp_distributed_xacts.xml#topic1" type="topic" format="xml"></xref></p>
</li>
<li id="eu150216">
<p><xref
 href="./gp_pgdatabase.xml#topic1" type="topic" format="xml"></xref></p>
</li>
<li id="eu150725">
<p><xref
 href="./gp_resqueue_status.xml#topic1" type="topic" format="xml"></xref></p>
</li>
<li id="eu150128">
<p><xref
 href="./gp_transaction_log.xml#topic1" type="topic" format="xml"></xref></p>
</li>
<li id="eu150188">
<p><xref
 href="./gpexpand_expansion_progress.xml#topic1" type="topic" format="xml"></xref></p>
</li>
<li id="eu150238">
<p>pg_max_external_files (shows number of external table files
allowed per segment host when using the file protocol)<indexterm>pg_max_external_files
</indexterm></p>
</li>
<li id="eu152830">
<p><xref
 href="./pg_partition_columns.xml#topic1" type="topic" format="xml"></xref></p>
</li>
<li id="eu152834">
<p><xref
 href="./pg_partition_templates.xml#topic1" type="topic" format="xml"></xref></p>
</li>
<li id="eu152838">
<p><xref
 href="./pg_partitions.xml#topic1" type="topic" format="xml"></xref></p>
</li>
<li id="eu152878">
<p><xref
 href="./pg_stat_activity.xml#topic1" type="topic" format="xml"></xref></p>
</li>
<li id="eu152882">
<p><xref
 href="./pg_stat_replication.xml#topic1" type="topic" format="xml"></xref></p>
</li>
<li id="eu152886">
<p><xref
 href="./pg_resqueue_attributes.xml#topic1" type="topic" format="xml"></xref></p>
</li>
<li id="eu150202">
<p>pg_resqueue_status (Deprecated. Use gp_toolkit.gp_resqueue_status.)</p>
</li>
<li id="eu150003">
<p><xref
 href="./pg_stats_resqueue.xml#topic1" type="topic" format="xml"></xref></p>
</li>
<li id="eu150213">
<p>pg_user_mappings (not supported)</p>
</li>
</ul>
<p>For more information about the standard system views supported in PostgreSQL
and Greenplum Database, see the following sections of the PostgreSQL
documentation:</p>
<ul>
<li id="eu150013">
<p><xref
 href="http://www.postgresql.org/docs/8.2/static/views-overview.html"
scope="external" format="html"><ph>System Views</ph></xref></p>
</li>
<li id="eu150015">
<p><xref
 href="http://www.postgresql.org/docs/8.2/static/monitoring-stats.html#MONITORING-STATS-VIEWS-TABLE"
scope="external" format="html"><ph>Statistics Collector Views</ph></xref></p>
</li>
<li id="eu150017">
<p><xref
 href="http://www.postgresql.org/docs/8.2/static/information-schema.html"
scope="external" format="html"><ph>The Information Schema</ph></xref></p>

</li>
</ul>
</section>
</body>
</topic>
</topic>

                                                                                                                                                        