<?xml version="1.0" encoding="UTF-8" ?>
<!DOCTYPE topic PUBLIC "-//OASIS//DTD DITA 1.1 Topic//EN"
  "http://docs.oasis-open.org/dita/v1.1/OS/dtd/topic.dtd">
<topic id="topic1" xml:lang="en">
<!-- generated by DCL filter dwhtm, Ver 4.1 m210 h293 -->
<title id="ev138336">gp_configuration_history<ph outputclass="phindex"><indexterm>gp_configuration_history
</indexterm><indexterm>system catalogs
<indexterm>gp_configuration_history</indexterm>
</indexterm><indexterm>gp_configuration
</indexterm><indexterm>system catalogs
<indexterm>gp_configuration</indexterm>
</indexterm></ph></title>
<body>
<p>The <codeph>gp_configuration_history</codeph> table contains information
about system changes related to fault detection and recovery operations.
The<codeph> fts_probe </codeph>process logs data to this table, as do
certain related management utilities such as <codeph>gpcheck</codeph>,
<codeph>gprecoverseg</codeph>, and <codeph>gpinitsystem</codeph>. For
example, when you add a new segment and mirror segment to the system,
records for these events are logged to <codeph>gp_configuration_history</codeph>.</p>
<p>The event descriptions stored in this table may be helpful for troubleshooting
serious system issues in collaboration with Greenplum support technicians.</p>
<p>This table is populated only on the master. This table is defined
in the <codeph>pg_global</codeph> tablespace, meaning it is globally
shared across all databases in the system.</p>
<table id="ev138428">
<title>pg_catalog.gp_configuration_history</title>
<tgroup cols="4">
<colspec colnum="1" colname="col1" colwidth="131pt" />
<colspec colnum="2" colname="col2" colwidth="97pt" />
<colspec colnum="3" colname="col3" colwidth="82pt" />
<colspec colnum="4" colname="col4" colwidth="138pt" />
<thead>
<row>
<entry colname="col1"><p>column</p></entry>
<entry colname="col2"><p>type</p></entry>
<entry colname="col3"><p>references</p></entry>
<entry colname="col4"><p>description</p></entry>
</row>
</thead>
<tbody>
<row>
<entry colname="col1"><codeph>time</codeph></entry>
<entry colname="col2"><p>timestamp with time zone</p></entry>
<entry colname="col3"></entry>
<entry colname="col4"><p>Timestamp for the event recorded.</p></entry>
</row>
<row>
<entry colname="col1"><codeph id="ev138567">dbid<ph outputclass="phindex"><indexterm>dbid
</indexterm></ph></codeph></entry>
<entry colname="col2"><p>smallint</p></entry>
<entry colname="col3"><p><ph>gp_segment_configuration.dbid</ph></p></entry>
<entry colname="col4"><p>System-assigned ID. The unique identifier of
a segment (or master) instance.</p></entry>
</row>
<row>
<entry colname="col1"><codeph>desc</codeph></entry>
<entry colname="col2"><p>text</p></entry>
<entry colname="col3"></entry>
<entry colname="col4"><p>Text description of the event.</p></entry>
</row>
</tbody>
</tgroup>
</table>

<p>For information about <codeph>gpcheck</codeph>, <codeph>gprecoverseg</codeph>,
and <codeph>gpinitsystem</codeph>, see the Greenplum Database Utility
Guide.</p>

</body>
</topic>

