<?xml version="1.0" encoding="UTF-8" ?>
<!DOCTYPE topic PUBLIC "-//OASIS//DTD DITA 1.1 Topic//EN"
  "http://docs.oasis-open.org/dita/v1.1/OS/dtd/topic.dtd">
<topic id="topic1" xml:lang="en">
<!-- generated by DCL filter dwhtm, Ver 4.1 m210 h293 -->
<title id="ey142834">gp_distribution_policy<ph outputclass="phindex"><indexterm>gp_distribution_policy
</indexterm><indexterm>system catalogs
<indexterm>gp_distribution_policy</indexterm>
</indexterm></ph></title>
<body>
<p>The <codeph>gp_distribution_policy</codeph> table contains information
about Greenplum Database tables and their policy for distributing table
data across the segments. This table is populated only on the master.
This table is not globally shared, meaning each database has its own
copy of this table.</p>
<table id="ey142842">
<title>pg_catalog.gp_distribution_policy</title>
<tgroup cols="4">
<colspec colnum="1" colname="col1" colwidth="131pt" />
<colspec colnum="2" colname="col2" colwidth="86pt" />
<colspec colnum="3" colname="col3" colwidth="85pt" />
<colspec colnum="4" colname="col4" colwidth="147pt" />
<thead>
<row>
<entry colname="col1"><p>column</p></entry>
<entry colname="col2"><p>type</p></entry>
<entry colname="col3"><p>references</p></entry>
<entry colname="col4"><p>description</p></entry>
</row>
</thead>
<tbody>
<row>
<entry colname="col1"><codeph id="ey142864">localoid<ph outputclass="phindex"><indexterm>localoid
</indexterm></ph></codeph></entry>
<entry colname="col2"><p>oid</p></entry>
<entry colname="col3"><p><ph>pg_class.oid</ph></p></entry>
<entry colname="col4"><p>The table object identifier (OID).</p></entry>
</row>
<row>
<entry colname="col1"><codeph id="ey142874">attrnums<ph outputclass="phindex"><indexterm>attrnums
</indexterm></ph></codeph></entry>
<entry colname="col2"><p>smallint[]</p></entry>
<entry colname="col3"><p><ph>pg_attribute.attnum</ph></p></entry>
<entry colname="col4"><p>The column number(s) of the distribution column(s).</p></entry>
</row>
</tbody>
</tgroup>
</table>


</body>
</topic>

