<?xml version="1.0" encoding="UTF-8" ?>
<!DOCTYPE topic PUBLIC "-//OASIS//DTD DITA 1.1 Topic//EN"
  "http://docs.oasis-open.org/dita/v1.1/OS/dtd/topic.dtd">
<topic id="topic1" xml:lang="en">
<!-- generated by DCL filter dwhtm, Ver 4.1 m210 h293 -->
<title id="ew142834">gp_distributed_log<ph outputclass="phindex"><indexterm>gp_distributed_log
</indexterm><indexterm>system catalogs
<indexterm>gp_distributed_log</indexterm>
</indexterm></ph></title>
<body>
<p>The <codeph>gp_distributed_log</codeph> view contains status information
about distributed transactions and their associated local transactions.
A distributed transaction is a transaction that involves modifying data
on the segment instances. Greenplum’s distributed transaction manager
ensures that the segments stay in synch. This view allows you to see
the status of distributed transactions.</p>
<table id="ew142842">
<title>pg_catalog.gp_distributed_log</title>
<tgroup cols="4">
<colspec colnum="1" colname="col1" colwidth="131pt" />
<colspec colnum="2" colname="col2" colwidth="73pt" />
<colspec colnum="3" colname="col3" colwidth="101pt" />
<colspec colnum="4" colname="col4" colwidth="145pt" />
<thead>
<row>
<entry colname="col1"><p>column</p></entry>
<entry colname="col2"><p>type</p></entry>
<entry colname="col3"><p>references</p></entry>
<entry colname="col4"><p>description</p></entry>
</row>
</thead>
<tbody>
<row>
<entry colname="col1"><codeph>segment_id</codeph></entry>
<entry colname="col2"><p>smallint</p></entry>
<entry colname="col3"><p><ph>gp_segment_configuration.content</ph></p></entry>
<entry colname="col4"><p>The content id if the segment. The master is
always -1 (no content).</p></entry>
</row>
<row>
<entry colname="col1"><codeph>dbid</codeph></entry>
<entry colname="col2"><p>small_int</p></entry>
<entry colname="col3"><p><ph>gp_segment_configuration.dbid</ph></p></entry>
<entry colname="col4"><p>The unique id of the segment instance. </p></entry>
</row>
<row>
<entry colname="col1"><codeph>distributed_xid</codeph></entry>
<entry colname="col2"><p>xid</p></entry>
<entry colname="col3"></entry>
<entry colname="col4"><p>The global transaction id.</p></entry>
</row>
<row>
<entry colname="col1"><codeph>distributed_id</codeph></entry>
<entry colname="col2"><p>text</p></entry>
<entry colname="col3"></entry>
<entry colname="col4"><p>A system assigned ID for a distributed transaction.</p></entry>
</row>
<row>
<entry colname="col1"><codeph>status</codeph></entry>
<entry colname="col2"><p>text</p></entry>
<entry colname="col3"></entry>
<entry colname="col4"><p>The status of the distributed transaction (Committed
or Aborted).</p></entry>
</row>
<row>
<entry colname="col1"><codeph>local_transaction</codeph></entry>
<entry colname="col2"><p>xid</p></entry>
<entry colname="col3"></entry>
<entry colname="col4"><p>The local transaction ID.</p></entry>
</row>
</tbody>
</tgroup>
</table>


</body>
</topic>

