<?xml version="1.0" encoding="UTF-8" ?>
<!DOCTYPE topic PUBLIC "-//OASIS//DTD DITA 1.1 Topic//EN"
  "http://docs.oasis-open.org/dita/v1.1/OS/dtd/topic.dtd">
<topic id="topic1" xml:lang="en">
<title id="ir138336">gp_db_interfaces</title>
<body>
<p>The <codeph>gp_db_interfaces </codeph>table contains information about
the relationship of segments to network interfaces. This information,
joined with data from <xref
 href="gp_interfaces.xml#Rfg22660" type="topic" format="xml"></xref>,
is used by the system to optimize the usage of available network interfaces
for various purposes, including fault detection.</p>
<table id="ir138428">
<title>pg_catalog.gp_db_interfaces</title>
<tgroup cols="4">
<colspec colnum="1" colname="col1" colwidth="131pt" />
<colspec colnum="2" colname="col2" colwidth="97pt" />
<colspec colnum="3" colname="col3" colwidth="82pt" />
<colspec colnum="4" colname="col4" colwidth="138pt" />
<thead>
<row>
<entry colname="col1">column</entry>
<entry colname="col2">type</entry>
<entry colname="col3">references</entry>
<entry colname="col4">description</entry>
</row>
</thead>
<tbody>
<row>
<entry colname="col1"><codeph>dbid</codeph></entry>
<entry colname="col2">smallint</entry>
<entry colname="col3"><ph>gp_segment_configuration.dbid</ph></entry>
<entry colname="col4">System-assigned ID. The unique identifier of
a segment (or master) instance.</entry>
</row>
<row>
<entry colname="col1"><codeph>interfaceid</codeph></entry>
<entry colname="col2">smallint</entry>
<entry colname="col3"><ph>gp_interfaces.interfaceid</ph></entry>
<entry colname="col4">System-assigned ID for a network interface.</entry>
</row>
<row>
<entry colname="col1"><codeph>priority</codeph></entry>
<entry colname="col2">smallint</entry>
<entry colname="col3"></entry>
<entry colname="col4">Priority of the network interface for this segment.
</entry>
</row>
</tbody>
</tgroup>
</table>


</body>
</topic>
