<?xml version="1.0" encoding="UTF-8" ?>
<!DOCTYPE topic PUBLIC "-//OASIS//DTD DITA 1.1 Topic//EN"
  "http://docs.oasis-open.org/dita/v1.1/OS/dtd/topic.dtd">
<topic id="topic1" xml:lang="en">
<!-- generated by DCL filter dwhtm, Ver 4.1 m210 h293 -->
<title id="fa138336">gpexpand.status<ph outputclass="phindex"><indexterm>gpexpand.status
</indexterm><indexterm>system catalogs
<indexterm>gpexpand.status</indexterm>
</indexterm></ph></title>
<body>
<p>The <codeph>gpexpand.status </codeph>table contains information about
the status of a system expansion operation. Status for specific tables
involved in the expansion is stored in <xref
 href="./gp_expansion_tables.xml#topic1" type="topic" format="xml"></xref>.</p>
<p>In a normal expansion operation it is not necessary to modify the
data stored in this table. </p>
<table id="fa138428">
<title>gpexpand.status</title>
<tgroup cols="4">
<colspec colnum="1" colname="col1" colwidth="131pt" />
<colspec colnum="2" colname="col2" colwidth="97pt" />
<colspec colnum="3" colname="col3" colwidth="82pt" />
<colspec colnum="4" colname="col4" colwidth="138pt" />
<thead>
<row>
<entry colname="col1"><p>column</p></entry>
<entry colname="col2"><p>type</p></entry>
<entry colname="col3"><p>references</p></entry>
<entry colname="col4"><p>description</p></entry>
</row>
</thead>
<tbody>
<row>
<entry colname="col1"><codeph>status</codeph></entry>
<entry colname="col2"><p>text</p></entry>
<entry colname="col3"></entry>
<entry colname="col4"><p>Tracks the status of an expansion operation.
Valid values are:</p><p><codeph>SETUP</codeph></p><p><codeph>SETUP DONE EXPANSION
STARTED</codeph></p><p><codeph>EXPANSION STOPPED COMPLETED</codeph></p></entry>
</row>
<row>
<entry colname="col1"><codeph>updated</codeph></entry>
<entry colname="col2"><p>timestamp with time zone</p></entry>
<entry colname="col3"></entry>
<entry colname="col4"><p>Timestamp of the last change in status.</p></entry>
</row>
</tbody>
</tgroup>
</table>


</body>
</topic>

  