<?xml version="1.0" encoding="UTF-8" ?>
<!DOCTYPE topic PUBLIC "-//OASIS//DTD DITA 1.1 Topic//EN"
  "http://docs.oasis-open.org/dita/v1.1/OS/dtd/topic.dtd">
<topic id="topic1" xml:lang="en">
<!-- generated by DCL filter dwhtm, Ver 4.1 m210 h293 -->
<title id="fb138336">gpexpand.status_detail<ph outputclass="phindex"><indexterm>gpexpand.status_detail
</indexterm><indexterm>system catalogs
<indexterm>gpexpand.status_detail</indexterm>
</indexterm></ph></title>
<body>
<p>The <codeph>gpexpand.status_detail </codeph>table contains information
about the status of tables involved in a system expansion operation.
You can query this table to determine the status of tables being expanded,
or to view the start and end time for completed tables. </p>
<p>This table also stores related information about the table such as
the oid, disk size, and normal distribution policy and key. Overall status
information for the expansion is stored in <xref
 href="gp_expansion_status.xml#topic1" type="topic" format="xml"></xref>.</p>
<p>In a normal expansion operation it is not necessary to modify the
data stored in this table. .</p>
<table id="fb138428">
<title>gpexpand.status_detail</title>
<tgroup cols="4">
<colspec colnum="1" colname="col1" colwidth="131pt" />
<colspec colnum="2" colname="col2" colwidth="97pt" />
<colspec colnum="3" colname="col3" colwidth="82pt" />
<colspec colnum="4" colname="col4" colwidth="138pt" />
<thead>
<row>
<entry colname="col1"><p>column</p></entry>
<entry colname="col2"><p>type</p></entry>
<entry colname="col3"><p>references</p></entry>
<entry colname="col4"><p>description</p></entry>
</row>
</thead>
<tbody>
<row>
<entry colname="col1"><codeph>dbname</codeph></entry>
<entry colname="col2"><p>text</p></entry>
<entry colname="col3"></entry>
<entry colname="col4"><p>Name of the database to which the table belongs.
</p></entry>
</row>
<row>
<entry colname="col1"><codeph>fq_name</codeph></entry>
<entry colname="col2"><p>text</p></entry>
<entry colname="col3"></entry>
<entry colname="col4"><p>Fully qualified name of the table.</p></entry>
</row>
<row>
<entry colname="col1"><codeph>schema_oid</codeph></entry>
<entry colname="col2"><p>oid</p></entry>
<entry colname="col3"></entry>
<entry colname="col4"><p>OID for the schema of the database to which
the table belongs.</p></entry>
</row>
<row>
<entry colname="col1"><codeph>table_oid</codeph></entry>
<entry colname="col2"><p>oid</p></entry>
<entry colname="col3"></entry>
<entry colname="col4"><p>OID of the table.</p></entry>
</row>
<row>
<entry colname="col1"><codeph>distribution_policy</codeph></entry>
<entry colname="col2"><p>smallint()</p></entry>
<entry colname="col3"></entry>
<entry colname="col4"><p>Array of column IDs for the distribution key
of the table.</p></entry>
</row>
<row>
<entry colname="col1"><codeph>distribution_policy_names</codeph></entry>
<entry colname="col2"><p>text</p></entry>
<entry colname="col3"></entry>
<entry colname="col4"><p>Column names for the hash distribution key.</p></entry>
</row>
<row>
<entry colname="col1"><codeph>distribution_policy_coloids</codeph></entry>
<entry colname="col2"><p>text</p></entry>
<entry colname="col3"></entry>
<entry colname="col4"><p>Column IDs for the distribution keys of the
table.</p></entry>
</row>
<row>
<entry colname="col1"><codeph>storage_options</codeph></entry>
<entry colname="col2"><p>text</p></entry>
<entry colname="col3"></entry>
<entry colname="col4"><p>Not enabled in this release. Do not update this
field.</p></entry>
</row>
<row>
<entry colname="col1"><codeph>rank</codeph></entry>
<entry colname="col2"><p>int</p></entry>
<entry colname="col3"></entry>
<entry colname="col4"><p>Rank determines the order in which tables are
expanded. The expansion utility will sort on rank and expand the lowest-ranking
tables first.</p></entry>
</row>
<row>
<entry colname="col1"><codeph>status</codeph></entry>
<entry colname="col2"><p>text</p></entry>
<entry colname="col3"></entry>
<entry colname="col4"><p>Status of expansion for this table. Valid values
are:</p><p>NOT STARTED IN PROGRESS FINISHED NO LONGER EXISTS</p></entry>
</row>
<row>
<entry colname="col1"><codeph>last updated</codeph></entry>
<entry colname="col2"><p>timestamp with time zone</p></entry>
<entry colname="col3"></entry>
<entry colname="col4"><p>Timestamp of the last change in status for this
table.</p></entry>
</row>
<row>
<entry colname="col1"><codeph>expansion started</codeph></entry>
<entry colname="col2"><p>timestamp with time zone</p></entry>
<entry colname="col3"></entry>
<entry colname="col4"><p>Timestamp for the start of the expansion of
this table. This field is only populated after a table is successfully
expanded.</p></entry>
</row>
<row>
<entry colname="col1"><codeph>expansion finished</codeph></entry>
<entry colname="col2"><p>timestamp with time zone</p></entry>
<entry colname="col3"></entry>
<entry colname="col4"><p>Timestamp for the completion of expansion of
this table.</p></entry>
</row>
<row>
<entry colname="col1"><codeph>source bytes</codeph></entry>
<entry colname="col2"></entry>
<entry colname="col3"></entry>
<entry colname="col4"><p>The size of disk space associated with the source
table.  Due to table bloat in heap tables and differing numbers of segments
after expansion, it is not expected that the final number of bytes will
equal the source number.   This information is tracked to help provide
progress measurement to aid in duration estimation for the end-to-end
expansion operation.</p></entry>
</row>
</tbody>
</tgroup>
</table>


</body>
</topic>

