<?xml version="1.0" encoding="UTF-8" ?>
<!DOCTYPE topic PUBLIC "-//OASIS//DTD DITA 1.1 Topic//EN"
  "http://docs.oasis-open.org/dita/v1.1/OS/dtd/topic.dtd">
<topic id="topic1" xml:lang="en">
<!-- generated by DCL filter dwhtm, Ver 4.1 m210 h293 -->
<title id="fd163461">gp_fault_strategy<ph outputclass="phindex"><indexterm>gp_fault_strategy
</indexterm><indexterm>system catalogs
<indexterm>gp_fault_strategy</indexterm>
</indexterm></ph></title>
<body>
<p>The gp_fault_strategy table specifies the fault action.</p>
<table id="fd163466">
<title>pg_catalog.gp_fault_strategy</title>
<tgroup cols="4">
<colspec colnum="1" colname="col1" colwidth="131pt" />
<colspec colnum="2" colname="col2" colwidth="97pt" />
<colspec colnum="3" colname="col3" colwidth="82pt" />
<colspec colnum="4" colname="col4" colwidth="138pt" />
<thead>
<row>
<entry colname="col1"><p>column</p></entry>
<entry colname="col2"><p>type</p></entry>
<entry colname="col3"><p>references</p></entry>
<entry colname="col4"><p>description</p></entry>
</row>
</thead>
<tbody>
<row>
<entry colname="col1"><codeph>fault_strategy</codeph></entry>
<entry colname="col2"><p>char</p></entry>
<entry colname="col3"></entry>
<entry colname="col4"><p>The mirror failover action to take when a segment
failure occurs:</p><p>n = nothing.</p><p>f = file-based failover.</p><p>s
= SAN-based failover.</p></entry>
</row>
</tbody>
</tgroup>
</table>


</body>
</topic>

