<?xml version="1.0" encoding="UTF-8" ?>
<!DOCTYPE topic PUBLIC "-//OASIS//DTD DITA 1.1 Topic//EN"
  "http://docs.oasis-open.org/dita/v1.1/OS/dtd/topic.dtd">
<topic id="topic1" xml:lang="en">
<!-- generated by DCL filter dwhtm, Ver 4.1 m210 h293 -->
<title id="fc138336">gp_fastsequence<ph outputclass="phindex"><indexterm>gp_fastsequence
</indexterm><indexterm>system catalogs
<indexterm>gp_fastsequence</indexterm>
</indexterm></ph></title>
<body>
<p>The <codeph>gp_</codeph>fastsequence table contains information about
indexes on append-optimized column-oriented tables. It is used to track
the maximum row number used by a file segment of an append-optimized
column-oriented table.</p>
<table id="fc138428">
<title>pg_catalog.gp_fastsequence</title>
<tgroup cols="4">
<colspec colnum="1" colname="col1" colwidth="131pt" />
<colspec colnum="2" colname="col2" colwidth="97pt" />
<colspec colnum="3" colname="col3" colwidth="82pt" />
<colspec colnum="4" colname="col4" colwidth="138pt" />
<thead>
<row>
<entry colname="col1"><p>column</p></entry>
<entry colname="col2"><p>type</p></entry>
<entry colname="col3"><p>references</p></entry>
<entry colname="col4"><p>description</p></entry>
</row>
</thead>
<tbody>
<row>
<entry colname="col1"><codeph>objid</codeph></entry>
<entry colname="col2"><p>oid</p></entry>
<entry colname="col3"><p><ph>pg_class.oid</ph></p></entry>
<entry colname="col4"><p>Object id of the <ph>pg_aoseg.pg_aocsseg_*</ph>
table used to track append-optimized file segments.</p></entry>
</row>
<row>
<entry colname="col1"><codeph>objmod</codeph></entry>
<entry colname="col2"><p>bigint</p></entry>
<entry colname="col3"></entry>
<entry colname="col4"><p>Object modifier.</p></entry>
</row>
<row>
<entry colname="col1"><codeph id="fc138567">last_sequence</codeph></entry>
<entry colname="col2"><p>bigint</p></entry>
<entry colname="col3"></entry>
<entry colname="col4"><p>The last sequence number used by the object.</p></entry>
</row>
</tbody>
</tgroup>
</table>


</body>
</topic>

