<?xml version="1.0" encoding="UTF-8" ?>
<!DOCTYPE topic PUBLIC "-//OASIS//DTD DITA 1.1 Topic//EN"
  "http://docs.oasis-open.org/dita/v1.1/OS/dtd/topic.dtd">
<topic id="topic1" xml:lang="en">
<!-- generated by DCL filter dwhtm, Ver 4.1 m210 h293 -->
<title id="fe138336">gp_global_sequence<ph outputclass="phindex"><indexterm>gp_global_sequence
</indexterm><indexterm>system catalogs
<indexterm>gp_global_sequence</indexterm>
</indexterm></ph></title>
<body>
<p>The gp_global_sequence table contains the log sequence number position
in the transaction log, which is used by the file replication process
to determine the file blocks to replicate from a primary to a mirror
segment.</p>
<table id="fe138428">
<title>pg_catalog.gp_global_sequence</title>
<tgroup cols="4">
<colspec colnum="1" colname="col1" colwidth="131pt" />
<colspec colnum="2" colname="col2" colwidth="97pt" />
<colspec colnum="3" colname="col3" colwidth="82pt" />
<colspec colnum="4" colname="col4" colwidth="138pt" />
<thead>
<row>
<entry colname="col1"><p>column</p></entry>
<entry colname="col2"><p>type</p></entry>
<entry colname="col3"><p>references</p></entry>
<entry colname="col4"><p>description</p></entry>
</row>
</thead>
<tbody>
<row>
<entry colname="col1"><codeph>sequence_num</codeph></entry>
<entry colname="col2"><p>bigint</p></entry>
<entry colname="col3"></entry>
<entry colname="col4"><p>log sequence number position in the transaction
log</p></entry>
</row>
</tbody>
</tgroup>
</table>


</body>
</topic>

