<?xml version="1.0" encoding="UTF-8" ?>
<!DOCTYPE topic PUBLIC "-//OASIS//DTD DITA 1.1 Topic//EN"
  "http://docs.oasis-open.org/dita/v1.1/OS/dtd/topic.dtd">
<topic id="topic1" xml:lang="en">
<!-- generated by DCL filter dwhtm, Ver 4.1 m210 h293 -->
<title id="ff142493">gp_id<ph outputclass="phindex"><indexterm>gp_id
</indexterm><indexterm>system catalogs
<indexterm>gp_id</indexterm>
</indexterm></ph></title>
<body>
<p>The <codeph>gp_id</codeph> system catalog table identifies the Greenplum
Database system name and number of segments for the system. It also has
<codeph>local</codeph> values for the particular database instance (segment
or master) on which the table resides. This table is defined in the <codeph>pg_global</codeph>
tablespace, meaning it is globally shared across all databases in the
system.</p>
<table id="ff142504">
<title>pg_catalog.gp_id</title>
<tgroup cols="4">
<colspec colnum="1" colname="col1" colwidth="131pt" />
<colspec colnum="2" colname="col2" colwidth="86pt" />
<colspec colnum="3" colname="col3" colwidth="85pt" />
<colspec colnum="4" colname="col4" colwidth="147pt" />
<thead>
<row>
<entry colname="col1"><p>column</p></entry>
<entry colname="col2"><p>type</p></entry>
<entry colname="col3"><p>references</p></entry>
<entry colname="col4"><p>description</p></entry>
</row>
</thead>
<tbody>
<row>
<entry colname="col1"><codeph>gpname</codeph></entry>
<entry colname="col2"><p>name</p></entry>
<entry colname="col3"></entry>
<entry colname="col4"><p>The name of this Greenplum Database system.</p></entry>
</row>
<row>
<entry colname="col1"><codeph>numsegments</codeph></entry>
<entry colname="col2"><p>integer</p></entry>
<entry colname="col3"></entry>
<entry colname="col4"><p>The number of segments in the Greenplum Database
system.</p></entry>
</row>
<row>
<entry colname="col1"><codeph>dbid</codeph></entry>
<entry colname="col2"><p>integer</p></entry>
<entry colname="col3"></entry>
<entry colname="col4"><p>The unique identifier of this segment (or master)
instance.</p></entry>
</row>
<row>
<entry colname="col1"><codeph>content</codeph></entry>
<entry colname="col2"><p>integer</p></entry>
<entry colname="col3"></entry>
<entry colname="col4"><p>The ID for the portion of data on this segment
instance. A primary and its mirror will have the same content ID.</p><p>For
a segment the value is from 0-<i>N</i>, where <i>N</i> is the number
of segments in Greenplum Database.</p><p>For the master, the value is
-1. </p></entry>
</row>
</tbody>
</tgroup>
</table>


</body>
</topic>

