<?xml version="1.0" encoding="UTF-8" ?>
<!DOCTYPE topic PUBLIC "-//OASIS//DTD DITA 1.1 Topic//EN"
  "http://docs.oasis-open.org/dita/v1.1/OS/dtd/topic.dtd">
<topic id="topic1" xml:lang="en">
<!-- generated by DCL filter dwhtm, Ver 4.1 m210 h293 -->
<title id="fg163535">gp_interfaces<ph outputclass="phindex"><indexterm>gp_interfaces
</indexterm><indexterm>system catalogs
<indexterm>gp_interfaces</indexterm>
</indexterm></ph></title>
<body>
<p>The <codeph>gp_interfaces </codeph>table contains information about
network interfaces on segment hosts. This information, joined with data
from <xref
 href="./gp_db_interfaces.xml#Rir18179" type="topic" format="xml"></xref>,
is used by the system to optimize the usage of available network interfaces
for various purposes, including fault detection.</p>
<table id="fg163537">
<title>gp_interfaces</title>
<tgroup cols="4">
<colspec colnum="1" colname="col1" colwidth="131pt" />
<colspec colnum="2" colname="col2" colwidth="97pt" />
<colspec colnum="3" colname="col3" colwidth="82pt" />
<colspec colnum="4" colname="col4" colwidth="138pt" />
<thead>
<row>
<entry colname="col1"><p>column</p></entry>
<entry colname="col2"><p>type</p></entry>
<entry colname="col3"><p>references</p></entry>
<entry colname="col4"><p>description</p></entry>
</row>
</thead>
<tbody>
<row>
<entry colname="col1"><codeph>interfaceid</codeph></entry>
<entry colname="col2"><p>smallint</p></entry>
<entry colname="col3"></entry>
<entry colname="col4"><p>System-assigned ID. The unique identifier of
a network interface.</p></entry>
</row>
<row>
<entry colname="col1"><codeph>address</codeph></entry>
<entry colname="col2"><p>name</p></entry>
<entry colname="col3"></entry>
<entry colname="col4"><p>Hostname address for the segment host containing
the network interface. Can be a numeric IP address or a hostname.</p></entry>
</row>
<row>
<entry colname="col1"><codeph>status</codeph></entry>
<entry colname="col2"><p>smallint</p></entry>
<entry colname="col3"></entry>
<entry colname="col4"><p>Status for the network interface. A value of
<codeph>0</codeph> indicates that the interface is unavailable.</p></entry>
</row>
</tbody>
</tgroup>
</table>


</body>
</topic>

