<?xml version="1.0" encoding="UTF-8" ?>
<!DOCTYPE topic PUBLIC "-//OASIS//DTD DITA 1.1 Topic//EN"
  "http://docs.oasis-open.org/dita/v1.1/OS/dtd/topic.dtd">
<topic id="topic1" xml:lang="en">
<!-- generated by DCL filter dwhtm, Ver 4.1 m210 h293 -->
<title id="fn141670">gp_pgdatabase</title>
<body>
<p>The <codeph>gp_pgdatabase</codeph> view shows status information about
the Greenplum segment instances and whether they are acting as the mirror
or the primary. This view is used internally by the Greenplum fault detection
and recovery utilities to determine failed segments.</p>
<table id="fn141982">
<title>pg_catalog.gp_pgdatabase</title>
<tgroup cols="4">
<colspec colnum="1" colname="col1" colwidth="105pt" />
<colspec colnum="2" colname="col2" colwidth="66pt" />
<colspec colnum="3" colname="col3" colwidth="129pt" />
<colspec colnum="4" colname="col4" colwidth="147pt" />
<thead>
<row>
<entry colname="col1"><p>column</p></entry>
<entry colname="col2"><p>type</p></entry>
<entry colname="col3"><p>references</p></entry>
<entry colname="col4"><p>description</p></entry>
</row>
</thead>
<tbody>
<row>
<entry colname="col1"><codeph>dbid</codeph></entry>
<entry colname="col2"><p>smallint</p></entry>
<entry colname="col3"><p><ph>gp_segment_configuration.dbid</ph></p></entry>
<entry colname="col4"><p>System-assigned ID. The unique identifier of
a segment (or master) instance.</p></entry>
</row>
<row>
<entry colname="col1"><codeph>isprimary</codeph></entry>
<entry colname="col2"><p>boolean</p></entry>
<entry colname="col3"><p><ph>gp_segment_configuration.role</ph></p></entry>
<entry colname="col4"><p>Whether or not this instance is active. Is it
currently acting as the primary segment (as opposed to the mirror).</p></entry>
</row>
<row>
<entry colname="col1"><codeph>content</codeph></entry>
<entry colname="col2"><p>smallint</p></entry>
<entry colname="col3"><p><ph>gp_segment_configuration.content</ph></p></entry>
<entry colname="col4"><p>The ID for the portion of data on an instance.
A primary segment instance and its mirror will have the same content
ID.</p><p>For a segment the value is from 0-<i>N</i>, where <i>N</i>
is the number of segments in Greenplum Database.</p><p>For the master,
the value is -1.</p></entry>
</row>
<row>
<entry colname="col1"><codeph>definedprimary</codeph></entry>
<entry colname="col2"><p>boolean</p></entry>
<entry colname="col3"><p><ph>gp_segment_configuration.preferred_role</ph></p></entry>
<entry colname="col4"><p>Whether or not this instance was defined as
the primary (as opposed to the mirror) at the time the system was initialized.</p></entry>
</row>
</tbody>
</tgroup>
</table>


</body>
</topic>

