<?xml version="1.0" encoding="UTF-8" ?>
<!DOCTYPE topic PUBLIC "-//OASIS//DTD DITA 1.1 Topic//EN"
  "http://docs.oasis-open.org/dita/v1.1/OS/dtd/topic.dtd">
<topic id="topic1" xml:lang="en">
<!-- generated by DCL filter dwhtm, Ver 4.1 m210 h293 -->
<title id="fi138336">gp_persistent_database_node<ph outputclass="phindex"><indexterm>gp_persistent_database_node
</indexterm><indexterm>system catalogs
<indexterm>gp_persistent_database_node</indexterm>
</indexterm></ph></title>
<body>
<p>The gp_persistent_database_node table keeps track of the status of file
system objects in relation to the transaction status of database objects.
This information is used to make sure the state of the system catalogs
and the file system files persisted to disk are synchronized. This information
is used by the primary to mirror file replication process.</p>
<table id="fi138428">
<title>pg_catalog.gp_persistent_database_node</title>
<tgroup cols="4">
<colspec colnum="1" colname="col1" colwidth="131pt" />
<colspec colnum="2" colname="col2" colwidth="97pt" />
<colspec colnum="3" colname="col3" colwidth="82pt" />
<colspec colnum="4" colname="col4" colwidth="138pt" />
<thead>
<row>
<entry colname="col1"><p>column</p></entry>
<entry colname="col2"><p>type</p></entry>
<entry colname="col3"><p>references</p></entry>
<entry colname="col4"><p>description</p></entry>
</row>
</thead>
<tbody>
<row>
<entry colname="col1"><codeph>tablespace_oid</codeph></entry>
<entry colname="col2"><p>oid</p></entry>
<entry colname="col3"><p>pg_tablespace.oid</p></entry>
<entry colname="col4"><p>Table space object id.</p></entry>
</row>
<row>
<entry colname="col1"><codeph>database_oid</codeph></entry>
<entry colname="col2"><p>oid</p></entry>
<entry colname="col3"><p>pg_database.oid</p></entry>
<entry colname="col4"><p>Database object id. </p></entry>
</row>
<row>
<entry colname="col1"><codeph>persistent_state</codeph></entry>
<entry colname="col2"><p>smallint</p></entry>
<entry colname="col3"></entry>
<entry colname="col4"><p>0 - free</p><p>1 - create pending</p><p>2 -
created</p><p>3 - drop pending</p><p>4 - aborting create</p><p>5 - “Just
in Time” create pending</p><p>6 - bulk load create pending</p></entry>
</row>
<row>
<entry colname="col1"><codeph>mirror_existence_state</codeph></entry>
<entry colname="col2"><p>smallint</p></entry>
<entry colname="col3"></entry>
<entry colname="col4"><p>0 - none</p><p>1 - not mirrored</p><p>2 - mirror
create pending</p><p>3 - mirrorcreated</p><p>4 - mirror down before create</p><p>5
- mirror down during create</p><p>6 - mirror drop pending</p><p>7 - only
mirror drop remains</p></entry>
</row>
<row>
<entry colname="col1"><codeph>parent_xid</codeph></entry>
<entry colname="col2"><p>integer</p></entry>
<entry colname="col3"></entry>
<entry colname="col4"><p>Global transaction id. </p></entry>
</row>
<row>
<entry colname="col1"><codeph>persistent_serial_num</codeph></entry>
<entry colname="col2"><p>bigint</p></entry>
<entry colname="col3"></entry>
<entry colname="col4"><p>Log sequence number position in the transaction
log for a file block.</p></entry>
</row>
<row>
<entry colname="col1"><codeph>previous_free_tid</codeph></entry>
<entry colname="col2"><p>tid</p></entry>
<entry colname="col3"></entry>
<entry colname="col4"><p>Used by Greenplum Database to internally manage
persistent representations of file system objects.</p></entry>
</row>
</tbody>
</tgroup>
</table>


</body>
</topic>

