<?xml version="1.0" encoding="UTF-8" ?>
<!DOCTYPE topic PUBLIC "-//OASIS//DTD DITA 1.1 Topic//EN"
  "http://docs.oasis-open.org/dita/v1.1/OS/dtd/topic.dtd">
<topic id="topic1" xml:lang="en">
<!-- generated by DCL filter dwhtm, Ver 4.1 m210 h293 -->
<title id="fp141670">gp_resqueue_status<ph outputclass="phindex"><indexterm>pg_resqueue_status
</indexterm><indexterm>system catalogs
<indexterm>pg_resqueue_status</indexterm>
</indexterm></ph></title>
<body>
<p>The <codeph>gp_toolkit.gp_resqueue_status</codeph> view allows administrators
to see status and activity for a workload management resource queue.
It shows how many queries are waiting to run and how many queries are
currently active in the system from a particular resource queue.</p>
<table id="fp141982">
<title>gp_toolkit.gp_resqueue_status</title>
<tgroup cols="4">
<colspec colnum="1" colname="col1" colwidth="131pt" />
<colspec colnum="2" colname="col2" colwidth="66pt" />
<colspec colnum="3" colname="col3" colwidth="104pt" />
<colspec colnum="4" colname="col4" colwidth="147pt" />
<thead>
<row>
<entry colname="col1"><p>column</p></entry>
<entry colname="col2"><p>type</p></entry>
<entry colname="col3"><p>references</p></entry>
<entry colname="col4"><p>description</p></entry>
</row>
</thead>
<tbody>
<row>
<entry colname="col1"><codeph>queueid</codeph></entry>
<entry colname="col2"><p>oid</p></entry>
<entry colname="col3"><p>gp_toolkit.gp_resqueue_queueid</p></entry>
<entry colname="col4"><p>The ID of the resource queue.</p></entry>
</row>
<row>
<entry colname="col1"><codeph>rsqname</codeph></entry>
<entry colname="col2"><p>name</p></entry>
<entry colname="col3"><p>gp_toolkit.gp_resqueue_ rsqname</p></entry>
<entry colname="col4"><p>The name of the resource queue.</p></entry>
</row>
<row>
<entry colname="col1"><codeph>rsqcountlimit</codeph></entry>
<entry colname="col2"><p>real</p></entry>
<entry colname="col3"><p>gp_toolkit.gp_resqueue_ rsqcountlimit</p></entry>
<entry colname="col4"><p>The active query threshold of the resource queue.
A value of -1 means no limit.</p></entry>
</row>
<row>
<entry colname="col1"><codeph>rsqcountvalue</codeph></entry>
<entry colname="col2"><p>real</p></entry>
<entry colname="col3"><p>gp_toolkit.gp_resqueue_ rsqcountvalue</p></entry>
<entry colname="col4"><p>The number of active query slots currently being
used in the resource queue.</p></entry>
</row>
<row>
<entry colname="col1"><codeph>rsqcostlimit</codeph></entry>
<entry colname="col2"><p>real</p></entry>
<entry colname="col3"><p>gp_toolkit.gp_resqueue_ rsqcostlimit</p></entry>
<entry colname="col4"><p>The query cost threshold of the resource queue.
A value of -1 means no limit.</p></entry>
</row>
<row>
<entry colname="col1"><codeph>rsqcostvalue</codeph></entry>
<entry colname="col2"><p>real</p></entry>
<entry colname="col3"><p>gp_toolkit.gp_resqueue_ rsqcostvalue</p></entry>
<entry colname="col4"><p>The total cost of all statements currently in
the resource queue.</p></entry>
</row>
<row>
<entry colname="col1"><codeph>rsqmemorylimit</codeph></entry>
<entry colname="col2"><p>real</p></entry>
<entry colname="col3"><p>gp_toolkit.gp_resqueue_ rsqmemorylimit</p></entry>
<entry colname="col4"><p>The memory limit for the resource queue.</p></entry>
</row>
<row>
<entry colname="col1"><codeph>rsqmemoryvalue</codeph></entry>
<entry colname="col2"><p>real</p></entry>
<entry colname="col3"><p>gp_toolkit.gp_resqueue_ rsqmemoryvalue</p></entry>
<entry colname="col4"><p>The total memory used by all statements currently
in the resource queue.</p></entry>
</row>
<row>
<entry colname="col1"><codeph>rsqwaiters</codeph></entry>
<entry colname="col2"><p>integer</p></entry>
<entry colname="col3"><p>gp_toolkit.gp_resqueue_ rsqwaiter</p></entry>
<entry colname="col4"><p>The number of statements currently waiting in
the resource queue.</p></entry>
</row>
<row>
<entry colname="col1"><codeph>rsqholders</codeph></entry>
<entry colname="col2"><p>integer</p></entry>
<entry colname="col3"><p>gp_toolkit.gp_resqueue_ rsqholders</p></entry>
<entry colname="col4"><p>The number of statements currently running on
the system from this resource queue.</p></entry>
</row>
</tbody>
</tgroup>
</table>


</body>
</topic>

