<?xml version="1.0" encoding="UTF-8" ?>
<!DOCTYPE topic PUBLIC "-//OASIS//DTD DITA 1.1 Topic//EN"
  "http://docs.oasis-open.org/dita/v1.1/OS/dtd/topic.dtd">
<topic id="topic1" xml:lang="en">
<!-- generated by DCL filter dwhtm, Ver 4.1 m210 h293 -->
<title id="fo138336">gp_relation_node<ph outputclass="phindex"><indexterm>gp_relation_node
</indexterm><indexterm>system catalogs
<indexterm>gp_relation_node</indexterm>
</indexterm></ph></title>
<body>
<p>The gp_relation_node table contains information about the file system
objects for a relation (table, view, index, and so on).</p>
<table id="fo138428">
<title>pg_catalog.gp_relation_node</title>
<tgroup cols="4">
<colspec colnum="1" colname="col1" colwidth="131pt" />
<colspec colnum="2" colname="col2" colwidth="97pt" />
<colspec colnum="3" colname="col3" colwidth="82pt" />
<colspec colnum="4" colname="col4" colwidth="138pt" />
<thead>
<row>
<entry colname="col1"><p>column</p></entry>
<entry colname="col2"><p>type</p></entry>
<entry colname="col3"><p>references</p></entry>
<entry colname="col4"><p>description</p></entry>
</row>
</thead>
<tbody>
<row>
<entry colname="col1"><codeph>relfilenode_oid</codeph></entry>
<entry colname="col2"><p>oid</p></entry>
<entry colname="col3"><p>pg_class.relfilenode</p></entry>
<entry colname="col4"><p>The object id of the relation file node.</p></entry>
</row>
<row>
<entry colname="col1"><codeph>segment_file_num</codeph></entry>
<entry colname="col2"><p>integer</p></entry>
<entry colname="col3"></entry>
<entry colname="col4"><p>For append-optimized tables, the append-optimized
segment file number.</p></entry>
</row>
<row>
<entry colname="col1"><codeph>persistent_tid</codeph></entry>
<entry colname="col2"><p>tid</p></entry>
<entry colname="col3"></entry>
<entry colname="col4"><p>Used by Greenplum Database to internally manage
persistent representations of file system objects.</p></entry>
</row>
<row>
<entry colname="col1"><codeph>persistent_serial_num</codeph></entry>
<entry colname="col2"><p>bigint</p></entry>
<entry colname="col3"></entry>
<entry colname="col4"><p>Log sequence number position in the transaction
log for a file block.</p></entry>
</row>
</tbody>
</tgroup>
</table>


</body>
</topic>

