<?xml version="1.0" encoding="UTF-8" ?>
<!DOCTYPE topic PUBLIC "-//OASIS//DTD DITA 1.1 Topic//EN"
  "http://docs.oasis-open.org/dita/v1.1/OS/dtd/topic.dtd">
<topic id="topic1" xml:lang="en">
<!-- generated by DCL filter dwhtm, Ver 4.1 m210 h293 -->
<title id="fr163961">gp_segment_configuration<ph outputclass="phindex"><indexterm>gp_segment_configuration
</indexterm><indexterm>system catalogs
<indexterm>gp_segment_configuration</indexterm>
</indexterm></ph></title>
<body>
<p>The gp_segment_configuration table contains information about mirroring
and segment configuration.</p>
<table id="fr163962">
<title>pg_catalog.gp_segment_configuration</title>
<tgroup cols="4">
<colspec colnum="1" colname="col1" colwidth="131pt" />
<colspec colnum="2" colname="col2" colwidth="97pt" />
<colspec colnum="3" colname="col3" colwidth="82pt" />
<colspec colnum="4" colname="col4" colwidth="138pt" />
<thead>
<row>
<entry colname="col1"><p>column</p></entry>
<entry colname="col2"><p>type</p></entry>
<entry colname="col3"><p>references</p></entry>
<entry colname="col4"><p>description</p></entry>
</row>
</thead>
<tbody>
<row>
<entry colname="col1"><codeph id="fr163981">dbid<ph outputclass="phindex"><indexterm>dbid
</indexterm></ph></codeph></entry>
<entry colname="col2"><p>smallint</p></entry>
<entry colname="col3"></entry>
<entry colname="col4"><p>The unique identifier of a segment (or master)
instance.</p></entry>
</row>
<row>
<entry colname="col1"><codeph id="fr163990">content<ph outputclass="phindex"><indexterm>content
</indexterm><indexterm>contentid
</indexterm></ph></codeph></entry>
<entry colname="col2"><p>smallint</p></entry>
<entry colname="col3"></entry>
<entry colname="col4"><p>The content identifier for a segment instance.
A primary segment instance and its corresponding mirror will always have
the same content identifier.</p><p>For a segment the value is from 0-<i>N</i>,
where <i>N</i> is the number of primary segments in the system.</p><p>For
the master, the value is always -1.</p></entry>
</row>
<row>
<entry colname="col1"><codeph>role</codeph></entry>
<entry colname="col2"><p>char</p></entry>
<entry colname="col3"></entry>
<entry colname="col4"><p>The role that a segment is currently running
as. Values are <codeph>p</codeph> (primary) or <codeph>m </codeph>(mirror).
</p></entry>
</row>
<row>
<entry colname="col1"><codeph>preferred_role</codeph></entry>
<entry colname="col2"><p>char</p></entry>
<entry colname="col3"></entry>
<entry colname="col4"><p>The role that a segment was originally assigned
at initialization time. Values are <codeph>p</codeph> (primary) or <codeph>m
</codeph>(mirror).</p></entry>
</row>
<row>
<entry colname="col1"><codeph>mode</codeph></entry>
<entry colname="col2"><p>char</p></entry>
<entry colname="col3"></entry>
<entry colname="col4"><p>The synchronization status of a segment with
its mirror copy. Values are <codeph>s</codeph> (synchronized), <codeph>c</codeph>
(change logging), or <codeph>r</codeph> (resyncing).</p></entry>
</row>
<row>
<entry colname="col1"><codeph>status</codeph></entry>
<entry colname="col2"><p>char</p></entry>
<entry colname="col3"></entry>
<entry colname="col4"><p>The fault status of a segment. Values are <codeph>u</codeph>
(up) or <codeph>d</codeph> (down).</p></entry>
</row>
<row>
<entry colname="col1"><codeph>port</codeph></entry>
<entry colname="col2"><p>integer</p></entry>
<entry colname="col3"></entry>
<entry colname="col4"><p>The TCP port the database server listener process
is using.</p></entry>
</row>
<row>
<entry colname="col1"><codeph>hostname</codeph></entry>
<entry colname="col2"><p>text</p></entry>
<entry colname="col3"></entry>
<entry colname="col4"><p>The hostname of a segment host.</p></entry>
</row>
<row>
<entry colname="col1"><codeph>address</codeph></entry>
<entry colname="col2"><p>text</p></entry>
<entry colname="col3"></entry>
<entry colname="col4"><p>The hostname used to access a particular segment
on a segment host. This value may be the same as <codeph>hostname</codeph>
in systems upgraded from 3.x or on systems that do not have per-interface
hostnames configured.</p></entry>
</row>
<row>
<entry colname="col1"><codeph>replication_port</codeph></entry>
<entry colname="col2"><p>integer</p></entry>
<entry colname="col3"></entry>
<entry colname="col4"><p>The TCP port the file block replication process
is using to keep primary and mirror segments synchronized.</p></entry>
</row>
<row>
<entry colname="col1"><codeph>san_mounts</codeph></entry>
<entry colname="col2"><p>int2vector</p></entry>
<entry colname="col3"><p><xref
 href="gp_san_configuration.xml#topic1" type="topic" format="xml"></xref>.oid</p></entry>
<entry colname="col4"><p>An array of references to the <xref
 href="gp_san_configuration.xml#topic1" type="topic" format="xml"></xref>
table. Only used on systems that were initialized using sharred storage.</p></entry>
</row>
</tbody>
</tgroup>
</table>


</body>
</topic>

