<?xml version="1.0" encoding="UTF-8" ?>
<!DOCTYPE topic PUBLIC "-//OASIS//DTD DITA 1.1 Topic//EN"
  "http://docs.oasis-open.org/dita/v1.1/OS/dtd/topic.dtd">
<topic id="topic1" xml:lang="en">
<!-- generated by DCL filter dwhtm, Ver 4.1 m210 h293 -->
<title id="ft142834">gp_version_at_initdb<ph outputclass="phindex"><indexterm>gp_version_at_initdb
</indexterm><indexterm>system catalogs
<indexterm>gp_version_at_initdb</indexterm>
</indexterm></ph></title>
<body>
<p>The <codeph>gp_version_at_initdb</codeph><i> </i>table is populated
on the master and each segment in the Greenplum Database system. It identifies
the version of Greenplum Database used when the system was first initialized.
This table is defined in the <codeph>pg_global</codeph> tablespace, meaning
it is globally shared across all databases in the system.</p>
<table id="ft142845">
<title>pg_catalog.gp_version</title>
<tgroup cols="4">
<colspec colnum="1" colname="col1" colwidth="131pt" />
<colspec colnum="2" colname="col2" colwidth="86pt" />
<colspec colnum="3" colname="col3" colwidth="85pt" />
<colspec colnum="4" colname="col4" colwidth="147pt" />
<thead>
<row>
<entry colname="col1"><p>column</p></entry>
<entry colname="col2"><p>type</p></entry>
<entry colname="col3"><p>references</p></entry>
<entry colname="col4"><p>description</p></entry>
</row>
</thead>
<tbody>
<row>
<entry colname="col1"><codeph>schemaversion</codeph></entry>
<entry colname="col2"><p>integer</p></entry>
<entry colname="col3"></entry>
<entry colname="col4"><p>Schema version number.</p></entry>
</row>
<row>
<entry colname="col1"><codeph>productversion</codeph></entry>
<entry colname="col2"><p>text</p></entry>
<entry colname="col3"></entry>
<entry colname="col4"><p>Product version number.</p></entry>
</row>
</tbody>
</tgroup>
</table>


</body>
</topic>

