<?xml version="1.0" encoding="UTF-8" ?>
<!DOCTYPE topic PUBLIC "-//OASIS//DTD DITA 1.1 Topic//EN"
  "http://docs.oasis-open.org/dita/v1.1/OS/dtd/topic.dtd">
<topic id="topic1" xml:lang="en">
<!-- generated by DCL filter dwhtm, Ver 4.1 m210 h293 -->
<title id="ez138336">gpexpand.expansion_progress<ph outputclass="phindex"><indexterm>gpexpand.expansion_progress
</indexterm><indexterm>system catalogs
<indexterm>gpexpand.expansion_progress</indexterm>
</indexterm></ph></title>
<body>
<p>The <codeph>gpexpand.expansion_progress </codeph>view contains information
about the status of a system expansion operation. The view provides calculations
of the estimated rate of table redistribution and estimated time to completion.</p>
<p>Status for specific tables involved in the expansion is stored in
<xref
 href="./gp_expansion_tables.xml#topic1" type="topic" format="xml"></xref>..</p>
<table id="ez138428">
<title>gpexpand.expansion_progress</title>
<tgroup cols="4">
<colspec colnum="1" colname="col1" colwidth="131pt" />
<colspec colnum="2" colname="col2" colwidth="97pt" />
<colspec colnum="3" colname="col3" colwidth="82pt" />
<colspec colnum="4" colname="col4" colwidth="138pt" />
<thead>
<row>
<entry colname="col1"><p>column</p></entry>
<entry colname="col2"><p>type</p></entry>
<entry colname="col3"><p>references</p></entry>
<entry colname="col4"><p>description</p></entry>
</row>
</thead>
<tbody>
<row>
<entry colname="col1"><codeph>name</codeph></entry>
<entry colname="col2"><p>text</p></entry>
<entry colname="col3"></entry>
<entry colname="col4"><p>Name for the data field provided Includes:</p><p>Bytes
Left</p><p>Bytes Done</p><p>Estimated Expansion Rate</p><p>Estimated
Time to Completion</p><p>Tables Expanded</p><p>Tables Left</p></entry>
</row>
<row>
<entry colname="col1"><codeph>value</codeph></entry>
<entry colname="col2"><p>text</p></entry>
<entry colname="col3"></entry>
<entry colname="col4"><p>The value for the progress data. For example:</p><p><codeph>Estimated
Expansion Rate - 9.75667095996092 MB/s</codeph></p></entry>
</row>
</tbody>
</tgroup>
</table>


</body>
</topic>

  