<?xml version="1.0" encoding="UTF-8" ?>
<!DOCTYPE topic PUBLIC "-//OASIS//DTD DITA 1.1 Topic//EN"
  "http://docs.oasis-open.org/dita/v1.1/OS/dtd/topic.dtd">
<topic id="topic1" xml:lang="en">
<!-- generated by DCL filter dwhtm, Ver 4.1 m210 h293 -->
<title id="fy138336">pg_appendonly<ph outputclass="phindex"><indexterm>pg_appendonly
</indexterm><indexterm>system catalogs
<indexterm>pg_appendonly</indexterm>
</indexterm></ph></title>
<body>
<p>The <codeph>pg_appendonly </codeph>table contains information about
the storage options and other characteristics of append-optimized tables.
</p>
<table id="fy138428">
<title>pg_catalog.pg_appendonly</title>
<tgroup cols="4">
<colspec colnum="1" colname="col1" colwidth="131pt" />
<colspec colnum="2" colname="col2" colwidth="97pt" />
<colspec colnum="3" colname="col3" colwidth="82pt" />
<colspec colnum="4" colname="col4" colwidth="138pt" />
<thead>
<row>
<entry colname="col1"><p>column</p></entry>
<entry colname="col2"><p>type</p></entry>
<entry colname="col3"><p>references</p></entry>
<entry colname="col4"><p>description</p></entry>
</row>
</thead>
<tbody>
<row>
<entry colname="col1"><codeph>relid</codeph></entry>
<entry colname="col2"><p>oid</p></entry>
<entry colname="col3"></entry>
<entry colname="col4"><p>The table object identifier (OID) of the compressed
table.</p></entry>
</row>
<row>
<entry colname="col1"><codeph>blocksize</codeph></entry>
<entry colname="col2"><p>integer</p></entry>
<entry colname="col3"></entry>
<entry colname="col4"><p>Block size used for compression of append-optimized
tables. Valid values are 8K - 2M. Default is <codeph>32K</codeph>.</p></entry>
</row>
<row>
<entry colname="col1"><codeph>safefswritesize</codeph></entry>
<entry colname="col2"><p>integer</p></entry>
<entry colname="col3"></entry>
<entry colname="col4"><p>Minimum size for safe write operations to append-optimized
tables in a non-mature file system. Commonly set to a multiple of the
extent size of the file system; for example, Linux ext3 is 4096 bytes,
so a value of 32768 is commonly used. </p></entry>
</row>
<row>
<entry colname="col1"><codeph>majorversion</codeph></entry>
<entry colname="col2"><p>smallint</p></entry>
<entry colname="col3"></entry>
<entry colname="col4"><p>The major version number of the pg_appendonly
table.</p></entry>
</row>
<row>
<entry colname="col1"><codeph>minorversion</codeph></entry>
<entry colname="col2"><p>smallint</p></entry>
<entry colname="col3"></entry>
<entry colname="col4"><p>The minor version number of the pg_appendonly
table.</p></entry>
</row>
<row>
<entry colname="col1"><codeph>checksum</codeph></entry>
<entry colname="col2"><p>boolean</p></entry>
<entry colname="col3"></entry>
<entry colname="col4"><p>A checksum value that is stored to compare the
state of a block of data at compression time and at scan time to ensure
data integrity. This data is stored only if <codeph>gp_appendonly_verify_block_checksums</codeph>
is enabled (this parameter is disabled by default to optimize performance).</p></entry>
</row>
<row>
<entry colname="col1"><codeph>compresstype</codeph></entry>
<entry colname="col2"><p>text</p></entry>
<entry colname="col3"></entry>
<entry colname="col4"><p>Type of compression used to compress append-optimized
tables. Valid values are <codeph>zlib</codeph> (gzip compression) and
<codeph>quicklz</codeph>.</p></entry>
</row>
<row>
<entry colname="col1"><codeph>compresslevel</codeph></entry>
<entry colname="col2"><p>smallint</p></entry>
<entry colname="col3"></entry>
<entry colname="col4"><p>The compression level, with compression ratio
increasing from 1 to 9. When <codeph>quicklz</codeph> is specified for
compresstype, valid values are 1 or 3. With <codeph>zlib</codeph> specified,
valid values are 1-9. </p></entry>
</row>
<row>
<entry colname="col1"><codeph>columnstore</codeph></entry>
<entry colname="col2"><p>boolean</p></entry>
<entry colname="col3"></entry>
<entry colname="col4"><p><codeph>1</codeph> for column-oriented storage,
<codeph>0</codeph> for row-oriented storage.</p></entry>
</row>
<row>
<entry colname="col1"><codeph>segrelid</codeph></entry>
<entry colname="col2"><p>oid</p></entry>
<entry colname="col3"></entry>
<entry colname="col4"><p>Table on-disk segment file id.</p></entry>
</row>
<row>
<entry colname="col1"><codeph>segidxid</codeph></entry>
<entry colname="col2"><p>oid</p></entry>
<entry colname="col3"></entry>
<entry colname="col4"><p>Index on-disk segment file id.</p></entry>
</row>
<row>
<entry colname="col1"><codeph>blkdirrelid</codeph></entry>
<entry colname="col2"><p>oid</p></entry>
<entry colname="col3"></entry>
<entry colname="col4"><p>Block used for on-disk column-oriented table
file.</p></entry>
</row>
<row>
<entry colname="col1"><codeph>blkdiridxid</codeph></entry>
<entry colname="col2"><p>oid</p></entry>
<entry colname="col3"></entry>
<entry colname="col4"><p>Block used for on-disk column-oriented index
file.</p></entry>
</row>
<row>
<entry colname="col1"><codeph>visimaprelid</codeph></entry>
<entry colname="col2"><p>oid</p></entry>
<entry colname="col3"></entry>
<entry colname="col4"><p>Visibility map for the table.</p></entry>
</row>
<row>
<entry colname="col1"><codeph>visimapidxid</codeph></entry>
<entry colname="col2"><p>oid</p></entry>
<entry colname="col3"></entry>
<entry colname="col4"><p>B-tree index on the visibility map.</p></entry>
</row>
</tbody>
</tgroup>
</table>


</body>
</topic>

