<?xml version="1.0" encoding="UTF-8" ?>
<!DOCTYPE topic PUBLIC "-//OASIS//DTD DITA 1.1 Topic//EN"
  "http://docs.oasis-open.org/dita/v1.1/OS/dtd/topic.dtd">
<topic id="topic1" xml:lang="en">
<!-- generated by DCL filter dwhtm, Ver 4.1 m210 h293 -->
<title id="fw143540">pg_amop</title>
<body>
<p>The <codeph>pg_amop</codeph> table stores information about operators
associated with index access method operator classes. There is one row
for each operator that is a member of an operator class.</p>
<table id="fw143542">
<title>pg_catalog.pg_amop</title>
<tgroup cols="4">
<colspec colnum="1" colname="col1" colwidth="131pt" />
<colspec colnum="2" colname="col2" colwidth="86pt" />
<colspec colnum="3" colname="col3" colwidth="85pt" />
<colspec colnum="4" colname="col4" colwidth="147pt" />
<thead>
<row>
<entry colname="col1"><p>column</p></entry>
<entry colname="col2"><p>type</p></entry>
<entry colname="col3"><p>references</p></entry>
<entry colname="col4"><p>description</p></entry>
</row>
</thead>
<tbody>
<row>
<entry colname="col1"><codeph>amopclaid</codeph></entry>
<entry colname="col2"><p>oid</p></entry>
<entry colname="col3"><p><ph>pg_opclass.oid</ph></p></entry>
<entry colname="col4"><p>The index operator class this entry is for</p></entry>
</row>
<row>
<entry colname="col1"><codeph>amopsubtype</codeph></entry>
<entry colname="col2"><p>oid</p></entry>
<entry colname="col3"><p><ph>pg_type.oid</ph></p></entry>
<entry colname="col4"><p>Subtype to distinguish multiple entries for
one strategy; zero for default</p></entry>
</row>
<row>
<entry colname="col1"><codeph>amopstrategy</codeph></entry>
<entry colname="col2"><p>int2</p></entry>
<entry colname="col3"><p></p></entry>
<entry colname="col4"><p>Operator strategy number</p></entry>
</row>
<row>
<entry colname="col1"><codeph>amopreqcheck</codeph></entry>
<entry colname="col2"><p>boolean</p></entry>
<entry colname="col3"><p></p></entry>
<entry colname="col4"><p>Index hit must be rechecked</p></entry>
</row>
<row>
<entry colname="col1"><codeph>amopopr</codeph></entry>
<entry colname="col2"><p>oid</p></entry>
<entry colname="col3"><p><ph>pg_operator.oid</ph></p></entry>
<entry colname="col4"><p>OID of the operator</p></entry>
</row>
</tbody>
</tgroup>
</table>


</body>
</topic>

