<?xml version="1.0" encoding="UTF-8" ?>
<!DOCTYPE topic PUBLIC "-//OASIS//DTD DITA 1.1 Topic//EN"
  "http://docs.oasis-open.org/dita/v1.1/OS/dtd/topic.dtd">
<topic id="topic1" xml:lang="en">
<!-- generated by DCL filter dwhtm, Ver 4.1 m210 h293 -->
<title id="fu141670">pg_aggregate</title>
<body>
<p>The <codeph>pg_aggregate</codeph> table stores information about aggregate
functions. An aggregate function is a function that operates on a set
of values (typically one column from each row that matches a query condition)
and returns a single value computed from all these values. Typical aggregate
functions are <codeph>sum</codeph>, <codeph>count</codeph>, and <codeph>max</codeph>.
Each entry in <codeph>pg_aggregate</codeph> is an extension of an entry
in <codeph>pg_proc</codeph>. The <codeph>pg_proc</codeph> entry carries
the aggregate’s name, input and output data types, and other information
that is similar to ordinary functions.</p>
<table id="fu141982">
<title>pg_catalog.pg_aggregate</title>
<tgroup cols="4">
<colspec colnum="1" colname="col1" colwidth="131pt" />
<colspec colnum="2" colname="col2" colwidth="86pt" />
<colspec colnum="3" colname="col3" colwidth="85pt" />
<colspec colnum="4" colname="col4" colwidth="147pt" />
<thead>
<row>
<entry colname="col1"><p>column</p></entry>
<entry colname="col2"><p>type</p></entry>
<entry colname="col3"><p>references</p></entry>
<entry colname="col4"><p>description</p></entry>
</row>
</thead>
<tbody>
<row>
<entry colname="col1"><codeph>aggfnoid</codeph></entry>
<entry colname="col2"><p>regproc</p></entry>
<entry colname="col3"><p><ph>pg_proc.oid</ph></p></entry>
<entry colname="col4"><p>Aggregate function OID</p></entry>
</row>
<row>
<entry colname="col1"><codeph>aggtransfn</codeph></entry>
<entry colname="col2"><p>regproc</p></entry>
<entry colname="col3"><p><ph>pg_proc.oid</ph></p></entry>
<entry colname="col4"><p>Transition function OID</p></entry>
</row>
<row>
<entry colname="col1"><codeph>aggprelimfn</codeph></entry>
<entry colname="col2"><p>regproc</p></entry>
<entry colname="col3"></entry>
<entry colname="col4"><p>Preliminary function OID (zero if none)</p></entry>
</row>
<row>
<entry colname="col1"><codeph>aggfinalfn</codeph></entry>
<entry colname="col2"><p>regproc</p></entry>
<entry colname="col3"><p><ph>pg_proc.oid</ph></p></entry>
<entry colname="col4"><p>Final function OID (zero if none)</p></entry>
</row>
<row>
<entry colname="col1"><codeph>agginitval</codeph></entry>
<entry colname="col2"><p>text</p></entry>
<entry colname="col3"></entry>
<entry colname="col4"><p>The initial value of the transition state. This
is a text field containing the initial value in its external string representation.
If this field is NULL, the transition state value starts out NULL</p></entry>
</row>
<row>
<entry colname="col1"><codeph>agginvtransfn </codeph></entry>
<entry colname="col2"><p>regproc</p></entry>
<entry colname="col3"><p><ph>pg_proc.oid</ph></p></entry>
<entry colname="col4"><p>The OID in <ph>pg_proc</ph> of the inverse function
of <i>aggtransfn</i></p></entry>
</row>
<row>
<entry colname="col1"><codeph>agginvprelimfn</codeph></entry>
<entry colname="col2"><p>regproc</p></entry>
<entry colname="col3"><p><ph>pg_proc.oid</ph></p></entry>
<entry colname="col4"><p>The OID in <ph>pg_proc</ph> of the inverse function
of <ph>aggprelimfn</ph></p></entry>
</row>
<row>
<entry colname="col1"><codeph>aggordered</codeph></entry>
<entry colname="col2"><p>Boolean</p></entry>
<entry colname="col3"></entry>
<entry colname="col4"><p>If <codeph>true</codeph>, the aggregate is defined
as <codeph>ORDERED</codeph>.</p></entry>
</row>
<row>
<entry colname="col1"><codeph>aggsortop</codeph></entry>
<entry colname="col2"><p>oid</p></entry>
<entry colname="col3"><p><ph>pg_operator.oid</ph></p></entry>
<entry colname="col4"><p>Associated sort operator OID (zero if none)</p></entry>
</row>
<row>
<entry colname="col1"><codeph>aggtranstype</codeph></entry>
<entry colname="col2"><p>oid</p></entry>
<entry colname="col3"><p><ph>pg_type.oid</ph></p></entry>
<entry colname="col4"><p>Data type of the aggregate function’s internal
transition (state) data</p></entry>
</row>
</tbody>
</tgroup>
</table>


</body>
</topic>

