<?xml version="1.0" encoding="UTF-8" ?>
<!DOCTYPE topic PUBLIC "-//OASIS//DTD DITA 1.1 Topic//EN"
  "http://docs.oasis-open.org/dita/v1.1/OS/dtd/topic.dtd">
<topic id="topic1" xml:lang="en">
<!-- generated by DCL filter dwhtm, Ver 4.1 m210 h293 -->
<title id="fz143896">pg_attrdef</title>
<body>
<p>The <codeph>pg_attrdef</codeph> table stores column default values.
The main information about columns is stored in <codeph>pg_attribute</codeph>.
Only columns that explicitly specify a default value (when the table
is created or the column is added) will have an entry here.</p>
<table id="fz143898">
<title>pg_catalog.pg_attrdef</title>
<tgroup cols="4">
<colspec colnum="1" colname="col1" colwidth="131pt" />
<colspec colnum="2" colname="col2" colwidth="86pt" />
<colspec colnum="3" colname="col3" colwidth="85pt" />
<colspec colnum="4" colname="col4" colwidth="147pt" />
<thead>
<row>
<entry colname="col1"><p>column</p></entry>
<entry colname="col2"><p>type</p></entry>
<entry colname="col3"><p>references</p></entry>
<entry colname="col4"><p>description</p></entry>
</row>
</thead>
<tbody>
<row>
<entry colname="col1"><codeph>adrelid</codeph></entry>
<entry colname="col2"><p>oid</p></entry>
<entry colname="col3"><p><ph>pg_class.oid</ph></p></entry>
<entry colname="col4"><p>The table this column belongs to</p></entry>
</row>
<row>
<entry colname="col1"><codeph>adnum</codeph></entry>
<entry colname="col2"><p>int2</p></entry>
<entry colname="col3"><p><ph>pg_attribute.attnum</ph></p></entry>
<entry colname="col4"><p>The number of the column</p></entry>
</row>
<row>
<entry colname="col1"><codeph>adbin </codeph></entry>
<entry colname="col2"><p>text</p></entry>
<entry colname="col3"><p></p></entry>
<entry colname="col4"><p>The internal representation of the column default
value</p></entry>
</row>
<row>
<entry colname="col1"><codeph>adsrc</codeph></entry>
<entry colname="col2"><p>text</p></entry>
<entry colname="col3"><p></p></entry>
<entry colname="col4"><p>A human-readable representation of the default
value. This field is historical, and is best not used.</p></entry>
</row>
</tbody>
</tgroup>
</table>


</body>
</topic>

