<?xml version="1.0" encoding="UTF-8" ?>
<!DOCTYPE topic PUBLIC "-//OASIS//DTD DITA 1.1 Topic//EN"
  "http://docs.oasis-open.org/dita/v1.1/OS/dtd/topic.dtd">
<topic id="topic1" xml:lang="en">
<!-- generated by DCL filter dwhtm, Ver 4.1 m210 h293 -->
<title id="ga143896">pg_attribute</title>
<body>
<p>The <i>pg_attribute</i> table stores information about table columns.
There will be exactly one <i>pg_attribute</i> row for every column in
every table in the database. (There will also be attribute entries for
indexes, and all objects that have <i>pg_class</i> entries.) The term
attribute is equivalent to column.</p>
<table id="ga143898">
<title>pg_catalog.pg_attribute</title>
<tgroup cols="4">
<colspec colnum="1" colname="col1" colwidth="131pt" />
<colspec colnum="2" colname="col2" colwidth="86pt" />
<colspec colnum="3" colname="col3" colwidth="85pt" />
<colspec colnum="4" colname="col4" colwidth="147pt" />
<thead>
<row>
<entry colname="col1"><p>column</p></entry>
<entry colname="col2"><p>type</p></entry>
<entry colname="col3"><p>references</p></entry>
<entry colname="col4"><p>description</p></entry>
</row>
</thead>
<tbody>
<row>
<entry colname="col1"><codeph>attrelid</codeph></entry>
<entry colname="col2"><p>oid</p></entry>
<entry colname="col3"><p><ph>pg_class.oid</ph></p></entry>
<entry colname="col4"><p>The table this column belongs to</p></entry>
</row>
<row>
<entry colname="col1"><codeph>attname</codeph></entry>
<entry colname="col2"><p>name</p></entry>
<entry colname="col3"><p></p></entry>
<entry colname="col4"><p>The column name</p></entry>
</row>
<row>
<entry colname="col1"><codeph>atttypid</codeph></entry>
<entry colname="col2"><p>oid</p></entry>
<entry colname="col3"><p><ph>pg_type.oid</ph></p></entry>
<entry colname="col4"><p>The data type of this column</p></entry>
</row>
<row>
<entry colname="col1"><codeph>attstattarget</codeph></entry>
<entry colname="col2"><p>int4</p></entry>
<entry colname="col3"></entry>
<entry colname="col4"><p>Controls the level of detail of statistics accumulated
for this column by <codeph>ANALYZE</codeph>. A zero value indicates that
no statistics should be collected. A negative value says to use the system
default statistics target. The exact meaning of positive values is data
type-dependent. For scalar data types, it is both the target number of
“most common values” to collect, and the target number of histogram
bins to create.</p></entry>
</row>
<row>
<entry colname="col1"><codeph>attlen</codeph></entry>
<entry colname="col2"><p>int2</p></entry>
<entry colname="col3"></entry>
<entry colname="col4"><p>A copy of <ph>pg_type.typlen</ph> of this column’s
type.</p></entry>
</row>
<row>
<entry colname="col1"><codeph>attnum</codeph></entry>
<entry colname="col2"><p>int2</p></entry>
<entry colname="col3"></entry>
<entry colname="col4"><p>The number of the column. Ordinary columns are
numbered from 1 up. System columns, such as oid, have (arbitrary) negative
numbers.</p></entry>
</row>
<row>
<entry colname="col1"><codeph>attndims</codeph></entry>
<entry colname="col2"><p>int4</p></entry>
<entry colname="col3"></entry>
<entry colname="col4"><p>Number of dimensions, if the column is an array
type; otherwise <codeph>0</codeph>. (Presently, the number of dimensions
of an array is not enforced, so any nonzero value effectively means it
is an array)</p></entry>
</row>
<row>
<entry colname="col1"><codeph>attcacheoff</codeph></entry>
<entry colname="col2"><p>int4</p></entry>
<entry colname="col3"></entry>
<entry colname="col4"><p>Always <codeph>-1</codeph> in storage, but when
loaded into a row descriptor in memory this may be updated to cache the
offset of the attribute within the row</p></entry>
</row>
<row>
<entry colname="col1"><codeph>atttypmod</codeph></entry>
<entry colname="col2"><p>int4</p></entry>
<entry colname="col3"></entry>
<entry colname="col4"><p>Records type-specific data supplied at table
creation time (for example, the maximum length of a varchar column).
It is passed to type-specific input functions and length coercion functions.
The value will generally be <codeph>-1</codeph> for types that do not
need it.</p></entry>
</row>
<row>
<entry colname="col1"><codeph>attbyval</codeph></entry>
<entry colname="col2"><p>boolean</p></entry>
<entry colname="col3"></entry>
<entry colname="col4"><p>A copy of <ph>pg_type.typbyval</ph> of this
column’s type</p></entry>
</row>
<row>
<entry colname="col1"><codeph>attstorage</codeph></entry>
<entry colname="col2"><p>char</p></entry>
<entry colname="col3"></entry>
<entry colname="col4"><p>Normally a copy of <ph>pg_type.typstorage</ph>
of this column’s type. For TOAST-able data types, this can be altered
after column creation to control storage policy.</p></entry>
</row>
<row>
<entry colname="col1"><codeph>attalign</codeph></entry>
<entry colname="col2"><p>char</p></entry>
<entry colname="col3"></entry>
<entry colname="col4"><p>A copy of <ph>pg_type.typalign</ph> of this
column’s type</p></entry>
</row>
<row>
<entry colname="col1"><codeph>attnotnull</codeph></entry>
<entry colname="col2"><p>boolean</p></entry>
<entry colname="col3"></entry>
<entry colname="col4"><p>This represents a not-null constraint. It is
possible to change this column to enable or disable the constraint.</p></entry>
</row>
<row>
<entry colname="col1"><codeph>atthasdef</codeph></entry>
<entry colname="col2"><p>boolean</p></entry>
<entry colname="col3"></entry>
<entry colname="col4"><p>This column has a default value, in which case
there will be a corresponding entry in the <ph>pg_attrdef</ph> catalog
that actually defines the value</p></entry>
</row>
<row>
<entry colname="col1"><codeph>attisdropped</codeph></entry>
<entry colname="col2"><p>boolean</p></entry>
<entry colname="col3"></entry>
<entry colname="col4"><p>This column has been dropped and is no longer
valid. A dropped column is still physically present in the table, but
is ignored by the parser and so cannot be accessed via SQL</p></entry>
</row>
<row>
<entry colname="col1"><codeph>attislocal</codeph></entry>
<entry colname="col2"><p>boolean</p></entry>
<entry colname="col3"></entry>
<entry colname="col4"><p>This column is defined locally in the relation.
Note that a column may be locally defined and inherited simultaneously</p></entry>
</row>
<row>
<entry colname="col1"><codeph>attinhcount</codeph></entry>
<entry colname="col2"><p>int4</p></entry>
<entry colname="col3"></entry>
<entry colname="col4"><p>The number of direct ancestors this column has.
A column with a nonzero number of ancestors cannot be dropped nor renamed</p></entry>
</row>
</tbody>
</tgroup>
</table>


</body>
</topic>

