<?xml version="1.0" encoding="UTF-8" ?>
<!DOCTYPE topic PUBLIC "-//OASIS//DTD DITA 1.1 Topic//EN"
  "http://docs.oasis-open.org/dita/v1.1/OS/dtd/topic.dtd">
<topic id="topic1" xml:lang="en">
<!-- generated by DCL filter dwhtm, Ver 4.1 m210 h293 -->
<title id="gd143896">pg_authid</title>
<body>
<p>The <codeph>pg_authid</codeph> table contains information about database
authorization identifiers (roles). A role subsumes the concepts of users
and groups. A user is a role with the <codeph>rolcanlogin</codeph> flag
set. Any role (with or without <i>rolcanlogin</i>) may have other roles
as members. See <xref
 href="pg_auth_members.xml#topic1" type="topic" format="xml"></xref>.
</p>
<p>Since this catalog contains passwords, it must not be publicly readable.
<xref
 href="./pg_roles.xml#topic1" type="topic" format="xml"></xref>
is a publicly readable view on <codeph>pg_authid</codeph> that blanks
out the password field.</p>
<p>Because user identities are system-wide, <codeph>pg_authid</codeph>
is shared across all databases in a Greenplum Database system: there
is only one copy of <codeph>pg_authid</codeph> per system, not one per
database.</p>
<table id="gd143898">
<title>pg_catalog.pg_authid</title>
<tgroup cols="4">
<colspec colnum="1" colname="col1" colwidth="131pt" />
<colspec colnum="2" colname="col2" colwidth="86pt" />
<colspec colnum="3" colname="col3" colwidth="85pt" />
<colspec colnum="4" colname="col4" colwidth="147pt" />
<thead>
<row>
<entry colname="col1"><p>column</p></entry>
<entry colname="col2"><p>type</p></entry>
<entry colname="col3"><p>references</p></entry>
<entry colname="col4"><p>description</p></entry>
</row>
</thead>
<tbody>
<row>
<entry colname="col1"><codeph>rolname</codeph></entry>
<entry colname="col2"><p>name</p></entry>
<entry colname="col3"></entry>
<entry colname="col4"><p>Role name</p></entry>
</row>
<row>
<entry colname="col1"><codeph>rolsuper</codeph></entry>
<entry colname="col2"><p>boolean</p></entry>
<entry colname="col3"></entry>
<entry colname="col4"><p>Role has superuser privileges</p></entry>
</row>
<row>
<entry colname="col1"><codeph>rolinherit</codeph></entry>
<entry colname="col2"><p>boolean</p></entry>
<entry colname="col3"></entry>
<entry colname="col4"><p>Role automatically inherits privileges of roles
it is a member of</p></entry>
</row>
<row>
<entry colname="col1"><codeph>rolcreaterole</codeph></entry>
<entry colname="col2"><p>boolean</p></entry>
<entry colname="col3"></entry>
<entry colname="col4"><p>Role may create more roles</p></entry>
</row>
<row>
<entry colname="col1"><codeph>rolcreatedb</codeph></entry>
<entry colname="col2"><p>boolean</p></entry>
<entry colname="col3"></entry>
<entry colname="col4"><p>Role may create databases</p></entry>
</row>
<row>
<entry colname="col1"><codeph>rolcatupdate</codeph></entry>
<entry colname="col2"><p>boolean</p></entry>
<entry colname="col3"></entry>
<entry colname="col4"><p>Role may update system catalogs directly. (Even
a superuser may not do this unless this column is true)</p></entry>
</row>
<row>
<entry colname="col1"><codeph>rolcanlogin</codeph></entry>
<entry colname="col2"><p>boolean</p></entry>
<entry colname="col3"></entry>
<entry colname="col4"><p>Role may log in. That is, this role can be given
as the initial session authorization identifier </p></entry>
</row>
<row>
<entry colname="col1"><codeph>rolconnlimit</codeph></entry>
<entry colname="col2"><p>int4</p></entry>
<entry colname="col3"></entry>
<entry colname="col4"><p>For roles that can log in, this sets maximum
number of concurrent connections this role can make. <codeph>-1</codeph>
means no limit</p></entry>
</row>
<row>
<entry colname="col1"><codeph>rolpassword</codeph></entry>
<entry colname="col2"><p>text</p></entry>
<entry colname="col3"></entry>
<entry colname="col4"><p>Password (possibly encrypted); NULL if none</p></entry>
</row>
<row>
<entry colname="col1"><codeph>rolvaliduntil</codeph></entry>
<entry colname="col2"><p>timestamptz</p></entry>
<entry colname="col3"></entry>
<entry colname="col4"><p>Password expiry time (only used for password
authentication); NULL if no expiration</p></entry>
</row>
<row>
<entry colname="col1"><codeph>rolconfig</codeph></entry>
<entry colname="col2"><p>text[]</p></entry>
<entry colname="col3"></entry>
<entry colname="col4"><p>Session defaults for server configuration parameters</p></entry>
</row>
</tbody>
</tgroup>
</table>


</body>
</topic>

  