<?xml version="1.0" encoding="UTF-8" ?>
<!DOCTYPE topic PUBLIC "-//OASIS//DTD DITA 1.1 Topic//EN"
  "http://docs.oasis-open.org/dita/v1.1/OS/dtd/topic.dtd">
<topic id="topic1" xml:lang="en">
<!-- generated by DCL filter dwhtm, Ver 4.1 m210 h293 -->
<title id="fv141670">pg_am</title>
<body>
<p>The <codeph>pg_am</codeph> table stores information about index access
methods. There is one row for each index access method supported by the
system.</p>
<table id="fv141982">
<title>pg_catalog.pg_am</title>
<tgroup cols="4">
<colspec colnum="1" colname="col1" colwidth="131pt" />
<colspec colnum="2" colname="col2" colwidth="86pt" />
<colspec colnum="3" colname="col3" colwidth="85pt" />
<colspec colnum="4" colname="col4" colwidth="147pt" />
<thead>
<row>
<entry colname="col1"><p>column</p></entry>
<entry colname="col2"><p>type</p></entry>
<entry colname="col3"><p>references</p></entry>
<entry colname="col4"><p>description</p></entry>
</row>
</thead>
<tbody>
<row>
<entry colname="col1"><codeph>amname</codeph></entry>
<entry colname="col2"><p>name</p></entry>
<entry colname="col3"></entry>
<entry colname="col4"><p>Name of the access method</p></entry>
</row>
<row>
<entry colname="col1"><codeph>amstrategies</codeph></entry>
<entry colname="col2"><p>int2</p></entry>
<entry colname="col3"></entry>
<entry colname="col4"><p>Number of operator strategies for this access
method</p></entry>
</row>
<row>
<entry colname="col1"><codeph>amsupport</codeph></entry>
<entry colname="col2"><p>int2</p></entry>
<entry colname="col3"></entry>
<entry colname="col4"><p>Number of support routines for this access method</p></entry>
</row>
<row>
<entry colname="col1"><codeph>amorderstrategy</codeph></entry>
<entry colname="col2"><p>int2</p></entry>
<entry colname="col3"></entry>
<entry colname="col4"><p>Zero if the index offers no sort order, otherwise
the strategy number of the strategy operator that describes the sort
order</p></entry>
</row>
<row>
<entry colname="col1"><codeph>amcanunique</codeph></entry>
<entry colname="col2"><p>boolean</p></entry>
<entry colname="col3"></entry>
<entry colname="col4"><p>Does the access method support unique indexes?</p></entry>
</row>
<row>
<entry colname="col1"><codeph>amcanmulticol</codeph></entry>
<entry colname="col2"><p>boolean</p></entry>
<entry colname="col3"></entry>
<entry colname="col4"><p>Does the access method support multicolumn indexes?</p></entry>
</row>
<row>
<entry colname="col1"><codeph>amoptionalkey</codeph></entry>
<entry colname="col2"><p>boolean</p></entry>
<entry colname="col3"></entry>
<entry colname="col4"><p>Does the access method support a scan without
any constraint for the first index column?</p></entry>
</row>
<row>
<entry colname="col1"><codeph>amindexnulls</codeph></entry>
<entry colname="col2"><p>boolean</p></entry>
<entry colname="col3"></entry>
<entry colname="col4"><p>Does the access method support null index entries?</p></entry>
</row>
<row>
<entry colname="col1"><codeph>amstorage</codeph></entry>
<entry colname="col2"><p>boolean</p></entry>
<entry colname="col3"></entry>
<entry colname="col4"><p>Can index storage data type differ from column
data type?</p></entry>
</row>
<row>
<entry colname="col1"><codeph>amclusterable</codeph></entry>
<entry colname="col2"><p>boolean</p></entry>
<entry colname="col3"></entry>
<entry colname="col4"><p>Can an index of this type be clustered on?</p></entry>
</row>
<row>
<entry colname="col1"><codeph>aminsert</codeph></entry>
<entry colname="col2"><p>regproc</p></entry>
<entry colname="col3"><p><ph>pg_proc.oid</ph></p></entry>
<entry colname="col4"><p>“Insert this tuple” function</p></entry>
</row>
<row>
<entry colname="col1"><codeph>ambeginscan</codeph></entry>
<entry colname="col2"><p>regproc</p></entry>
<entry colname="col3"><p><ph>pg_proc.oid</ph></p></entry>
<entry colname="col4"><p>“Start new scan” function</p></entry>
</row>
<row>
<entry colname="col1"><codeph>amgettuple</codeph></entry>
<entry colname="col2"><p>regproc</p></entry>
<entry colname="col3"><p><ph>pg_proc.oid</ph></p></entry>
<entry colname="col4"><p>“Next valid tuple” function</p></entry>
</row>
<row>
<entry colname="col1"><codeph>amgetmulti</codeph></entry>
<entry colname="col2"><p>regproc</p></entry>
<entry colname="col3"><p><ph>pg_proc.oid</ph></p></entry>
<entry colname="col4"><p>“Fetch multiple tuples” function</p></entry>
</row>
<row>
<entry colname="col1"><codeph>amrescan</codeph></entry>
<entry colname="col2"><p>regproc</p></entry>
<entry colname="col3"><p><ph>pg_proc.oid</ph></p></entry>
<entry colname="col4"><p>“Restart this scan” function</p></entry>
</row>
<row>
<entry colname="col1"><codeph>amendscan</codeph></entry>
<entry colname="col2"><p>regproc</p></entry>
<entry colname="col3"><p><ph>pg_proc.oid</ph></p></entry>
<entry colname="col4"><p>“End this scan” function</p></entry>
</row>
<row>
<entry colname="col1"><codeph>ammarkpos</codeph></entry>
<entry colname="col2"><p>regproc</p></entry>
<entry colname="col3"><p><ph>pg_proc.oid</ph></p></entry>
<entry colname="col4"><p>“Mark current scan position” function</p></entry>
</row>
<row>
<entry colname="col1"><codeph>amrestrpos</codeph></entry>
<entry colname="col2"><p>regproc</p></entry>
<entry colname="col3"><p><ph>pg_proc.oid</ph></p></entry>
<entry colname="col4"><p>“Restore marked scan position” function</p></entry>
</row>
<row>
<entry colname="col1"><codeph>ambuild</codeph></entry>
<entry colname="col2"><p>regproc</p></entry>
<entry colname="col3"><p><ph>pg_proc.oid</ph></p></entry>
<entry colname="col4"><p>“Build new index” function</p></entry>
</row>
<row>
<entry colname="col1"><codeph>ambulkdelete</codeph></entry>
<entry colname="col2"><p>regproc</p></entry>
<entry colname="col3"><p><ph>pg_proc.oid</ph></p></entry>
<entry colname="col4"><p>Bulk-delete function</p></entry>
</row>
<row>
<entry colname="col1"><codeph>amvacuumcleanup</codeph></entry>
<entry colname="col2"><p>regproc</p></entry>
<entry colname="col3"><p><ph>pg_proc.oid</ph></p></entry>
<entry colname="col4"><p>Post-<codeph>VACUUM</codeph> cleanup function</p></entry>
</row>
<row>
<entry colname="col1"><codeph>amcostestimate</codeph></entry>
<entry colname="col2"><p>regproc</p></entry>
<entry colname="col3"><p><ph>pg_proc.oid</ph></p></entry>
<entry colname="col4"><p>Function to estimate cost of an index scan</p></entry>
</row>
<row>
<entry colname="col1"><codeph>amoptions</codeph></entry>
<entry colname="col2"><p>regproc</p></entry>
<entry colname="col3"><p><ph>pg_proc.oid</ph></p></entry>
<entry colname="col4"><p>Function to parse and validate reloptions for
an index</p></entry>
</row>
</tbody>
</tgroup>
</table>


</body>
</topic>

