<?xml version="1.0" encoding="UTF-8" ?>
<!DOCTYPE topic PUBLIC "-//OASIS//DTD DITA 1.1 Topic//EN"
  "http://docs.oasis-open.org/dita/v1.1/OS/dtd/topic.dtd">
<topic id="topic1" xml:lang="en">
<!-- generated by DCL filter dwhtm, Ver 4.1 m210 h293 -->
<title id="fx143896">pg_amproc</title>
<body>
<p>The <codeph>pg_amproc</codeph> table stores information about support
procedures associated with index access method operator classes. There
is one row for each support procedure belonging to an operator class.ì</p>
<table id="fx143898">
<title>pg_catalog.pg_amproc</title>
<tgroup cols="4">
<colspec colnum="1" colname="col1" colwidth="131pt" />
<colspec colnum="2" colname="col2" colwidth="86pt" />
<colspec colnum="3" colname="col3" colwidth="85pt" />
<colspec colnum="4" colname="col4" colwidth="147pt" />
<thead>
<row>
<entry colname="col1"><p>column</p></entry>
<entry colname="col2"><p>type</p></entry>
<entry colname="col3"><p>references</p></entry>
<entry colname="col4"><p>description</p></entry>
</row>
</thead>
<tbody>
<row>
<entry colname="col1"><codeph>amopclaid</codeph></entry>
<entry colname="col2"><p>oid</p></entry>
<entry colname="col3"><p><ph>pg_opclass.oid</ph></p></entry>
<entry colname="col4"><p>The index operator class this entry is for</p></entry>
</row>
<row>
<entry colname="col1"><codeph>amprocsubtype</codeph></entry>
<entry colname="col2"><p>oid</p></entry>
<entry colname="col3"><p><ph>pg_type.oid</ph></p></entry>
<entry colname="col4"><p>Subtype, if cross-type routine, else zero</p></entry>
</row>
<row>
<entry colname="col1"><codeph>amprocnum</codeph></entry>
<entry colname="col2"><p>int2</p></entry>
<entry colname="col3"><p></p></entry>
<entry colname="col4"><p>Support procedure number</p></entry>
</row>
<row>
<entry colname="col1"><codeph>amproc</codeph></entry>
<entry colname="col2"><p>regproc</p></entry>
<entry colname="col3"><p><ph>pg_proc.oid</ph></p></entry>
<entry colname="col4"><p>OID of the procedure</p></entry>
</row>
</tbody>
</tgroup>
</table>


</body>
</topic>

