<?xml version="1.0" encoding="UTF-8" ?>
<!DOCTYPE topic PUBLIC "-//OASIS//DTD DITA 1.1 Topic//EN"
  "http://docs.oasis-open.org/dita/v1.1/OS/dtd/topic.dtd">
<topic id="topic1" xml:lang="en">
<!-- generated by DCL filter dwhtm, Ver 4.1 m210 h293 -->
<title id="gh143896">pg_constraint</title>
<body>
<p>The <codeph>pg_constraint</codeph> system catalog table stores check,
primary key, unique, and foreign key constraints on tables. Column constraints
are not treated specially. Every column constraint is equivalent to some
table constraint. Not-null constraints are represented in the <codeph>pg_attribute</codeph>
catalog. Check constraints on domains are stored here, too.</p>
<table id="gh143898">
<title>pg_catalog.pg_constraint</title>
<tgroup cols="4">
<colspec colnum="1" colname="col1" colwidth="131pt" />
<colspec colnum="2" colname="col2" colwidth="86pt" />
<colspec colnum="3" colname="col3" colwidth="85pt" />
<colspec colnum="4" colname="col4" colwidth="147pt" />
<thead>
<row>
<entry colname="col1"><p>column</p></entry>
<entry colname="col2"><p>type</p></entry>
<entry colname="col3"><p>references</p></entry>
<entry colname="col4"><p>description</p></entry>
</row>
</thead>
<tbody>
<row>
<entry colname="col1"><codeph>conname</codeph></entry>
<entry colname="col2"><p>name</p></entry>
<entry colname="col3"></entry>
<entry colname="col4"><p>Constraint name (not necessarily unique!)</p></entry>
</row>
<row>
<entry colname="col1"><codeph>connamespace</codeph></entry>
<entry colname="col2"><p>oid</p></entry>
<entry colname="col3"><p><ph>pg_namespace.oid</ph></p></entry>
<entry colname="col4"><p>The OID of the namespace (schema) that contains
this constraint.</p></entry>
</row>
<row>
<entry colname="col1"><codeph>contype </codeph></entry>
<entry colname="col2"><p>char</p></entry>
<entry colname="col3"></entry>
<entry colname="col4"><p><codeph>c</codeph> = check constraint, <codeph>f</codeph>
= foreign key constraint, <codeph>p</codeph> = primary key constraint,
<codeph>u</codeph> = unique constraint.</p></entry>
</row>
<row>
<entry colname="col1"><codeph>condeferrable</codeph></entry>
<entry colname="col2"><p>boolean</p></entry>
<entry colname="col3"></entry>
<entry colname="col4"><p>Is the constraint deferrable?</p></entry>
</row>
<row>
<entry colname="col1"><codeph>condeferred </codeph></entry>
<entry colname="col2"><p>boolean </p></entry>
<entry colname="col3"></entry>
<entry colname="col4"><p>Is the constraint deferred by default?</p></entry>
</row>
<row>
<entry colname="col1"><codeph>conrelid</codeph></entry>
<entry colname="col2"><p>oid</p></entry>
<entry colname="col3"><p><ph>pg_class.oid</ph></p></entry>
<entry colname="col4"><p>The table this constraint is on; 0 if not a
table constraint.</p></entry>
</row>
<row>
<entry colname="col1"><codeph>contypid </codeph></entry>
<entry colname="col2"><p>oid</p></entry>
<entry colname="col3"><p><ph>pg_type.oid</ph></p></entry>
<entry colname="col4"><p>The domain this constraint is on; 0 if not a
domain constraint.</p></entry>
</row>
<row>
<entry colname="col1"><codeph>confrelid</codeph></entry>
<entry colname="col2"><p>oid</p></entry>
<entry colname="col3"><p><ph>pg_class.oid</ph></p></entry>
<entry colname="col4"><p>If a foreign key, the referenced table; else
0.</p></entry>
</row>
<row>
<entry colname="col1"><codeph>confupdtype</codeph></entry>
<entry colname="col2"><p>char</p></entry>
<entry colname="col3"></entry>
<entry colname="col4"><p>Foreign key update action code.</p></entry>
</row>
<row>
<entry colname="col1"><codeph>confdeltype</codeph></entry>
<entry colname="col2"><p>char</p></entry>
<entry colname="col3"></entry>
<entry colname="col4"><p>Foreign key deletion action code.</p></entry>
</row>
<row>
<entry colname="col1"><codeph>confmatchtype</codeph></entry>
<entry colname="col2"><p>char</p></entry>
<entry colname="col3"></entry>
<entry colname="col4"><p>Foreign key match type.</p></entry>
</row>
<row>
<entry colname="col1"><codeph>conkey</codeph></entry>
<entry colname="col2"><p>int2[]</p></entry>
<entry colname="col3"><p><ph>pg_attribute.attnum</ph></p></entry>
<entry colname="col4"><p>If a table constraint, list of columns which
the constraint constrains.</p></entry>
</row>
<row>
<entry colname="col1"><codeph>confkey</codeph></entry>
<entry colname="col2"><p>int2[]</p></entry>
<entry colname="col3"><p><ph>pg_attribute.attnum</ph></p></entry>
<entry colname="col4"><p>If a foreign key, list of the referenced columns.</p></entry>
</row>
<row>
<entry colname="col1"><codeph>conbin</codeph></entry>
<entry colname="col2"><p>text </p></entry>
<entry colname="col3"></entry>
<entry colname="col4"><p>If a check constraint, an internal representation
of the expression.</p></entry>
</row>
<row>
<entry colname="col1"><codeph>consrc</codeph></entry>
<entry colname="col2"><p>text</p></entry>
<entry colname="col3"></entry>
<entry colname="col4"><p>If a check constraint, a human-readable representation
of the expression. This is not updated when referenced objects change;
for example, it won’t track renaming of columns. Rather than relying
on this field, it is best to use <codeph>pg_get_constraintdef()</codeph>
to extract the definition of a check constraint.</p></entry>
</row>
</tbody>
</tgroup>
</table>


</body>
</topic>

