<?xml version="1.0" encoding="UTF-8" ?>
<!DOCTYPE topic PUBLIC "-//OASIS//DTD DITA 1.1 Topic//EN"
  "http://docs.oasis-open.org/dita/v1.1/OS/dtd/topic.dtd">
<topic id="topic1" xml:lang="en">
<!-- generated by DCL filter dwhtm, Ver 4.1 m210 h293 -->
<title id="gi143896">pg_conversion</title>
<body>
<p>The <codeph>pg_conversion</codeph> system catalog table describes the
available encoding conversion procedures as defined by <codeph>CREATE
CONVERSION</codeph>.</p>
<table id="gi143898">
<title>pg_catalog.pg_conversion</title>
<tgroup cols="4">
<colspec colnum="1" colname="col1" colwidth="131pt" />
<colspec colnum="2" colname="col2" colwidth="86pt" />
<colspec colnum="3" colname="col3" colwidth="85pt" />
<colspec colnum="4" colname="col4" colwidth="147pt" />
<thead>
<row>
<entry colname="col1"><p>column</p></entry>
<entry colname="col2"><p>type</p></entry>
<entry colname="col3"><p>references</p></entry>
<entry colname="col4"><p>description</p></entry>
</row>
</thead>
<tbody>
<row>
<entry colname="col1"><codeph>conname</codeph></entry>
<entry colname="col2"><p>name</p></entry>
<entry colname="col3"></entry>
<entry colname="col4"><p>Conversion name (unique within a namespace).</p></entry>
</row>
<row>
<entry colname="col1"><codeph>connamespace</codeph></entry>
<entry colname="col2"><p>oid</p></entry>
<entry colname="col3"><p><ph>pg_namespace.oid</ph></p></entry>
<entry colname="col4"><p>The OID of the namespace (schema) that contains
this conversion.</p></entry>
</row>
<row>
<entry colname="col1"><codeph>conowner</codeph></entry>
<entry colname="col2"><p>oid</p></entry>
<entry colname="col3"><p><ph>pg_authid.oid</ph></p></entry>
<entry colname="col4"><p>Owner of the conversion.</p></entry>
</row>
<row>
<entry colname="col1"><codeph>conforencoding</codeph></entry>
<entry colname="col2"><p>int4</p></entry>
<entry colname="col3"></entry>
<entry colname="col4"><p>Source encoding ID.</p></entry>
</row>
<row>
<entry colname="col1"><codeph>contoencoding</codeph></entry>
<entry colname="col2"><p>int4</p></entry>
<entry colname="col3"></entry>
<entry colname="col4"><p>Destination encoding ID.</p></entry>
</row>
<row>
<entry colname="col1"><codeph>conproc</codeph></entry>
<entry colname="col2"><p>regproc</p></entry>
<entry colname="col3"><p><ph>pg_proc.oid</ph></p></entry>
<entry colname="col4"><p>Conversion procedure.</p></entry>
</row>
<row>
<entry colname="col1"><codeph>condefault</codeph></entry>
<entry colname="col2"><p>boolean </p></entry>
<entry colname="col3"></entry>
<entry colname="col4"><p>True if this is the default conversion.</p></entry>
</row>
</tbody>
</tgroup>
</table>


</body>
</topic>

