<?xml version="1.0" encoding="UTF-8" ?>
<!DOCTYPE topic PUBLIC "-//OASIS//DTD DITA 1.1 Topic//EN"
  "http://docs.oasis-open.org/dita/v1.1/OS/dtd/topic.dtd">
<topic id="topic1" xml:lang="en">
<!-- generated by DCL filter dwhtm, Ver 4.1 m210 h293 -->
<title id="gg143896">pg_compression</title>
<body>
<p>The <codeph>pg_compression</codeph> system catalog table describes the
compression methods available..</p>
<table id="gg143898">
<title>pg_catalog.pg_compression</title>
<tgroup cols="5">
<colspec colnum="1" colname="col1" colwidth="93pt" />
<colspec colnum="2" colname="col2" colwidth="64pt" />
<colspec colnum="3" colname="col3" colwidth="85pt" />
<colspec colnum="4" colname="col4" colwidth="57pt" />
<colspec colnum="5" colname="col5" colwidth="147pt" />
<thead>
<row>
<entry colname="col1"><p>column</p></entry>
<entry colname="col2"><p>type</p></entry>
<entry colname="col3"><p>modifers</p></entry>
<entry colname="col4"><p>storage</p></entry>
<entry colname="col5"><p>description</p></entry>
</row>
</thead>
<tbody>
<row>
<entry colname="col1"><codeph>compname</codeph></entry>
<entry colname="col2"><p>name</p></entry>
<entry colname="col3"><p>not null</p></entry>
<entry colname="col4"><p>plain</p></entry>
<entry colname="col5"><p>Name of the compression</p></entry>
</row>
<row>
<entry colname="col1"><codeph>compconstructor</codeph></entry>
<entry colname="col2"><p>regproc</p></entry>
<entry colname="col3"><p>not null</p></entry>
<entry colname="col4"><p>plain</p></entry>
<entry colname="col5"><p>Name of compression constructor</p></entry>
</row>
<row>
<entry colname="col1"><codeph>compdestructor</codeph></entry>
<entry colname="col2"><p>regproc</p></entry>
<entry colname="col3"><p>not null</p></entry>
<entry colname="col4"><p>plain</p></entry>
<entry colname="col5"><p>Name of compression destructor</p></entry>
</row>
<row>
<entry colname="col1"><codeph>compcompressor</codeph></entry>
<entry colname="col2"><p>regproc</p></entry>
<entry colname="col3"><p>not null</p></entry>
<entry colname="col4"><p>plain</p></entry>
<entry colname="col5"><p>Name of the compressor</p></entry>
</row>
<row>
<entry colname="col1"><codeph>compdecompressor</codeph></entry>
<entry colname="col2"><p>regproc</p></entry>
<entry colname="col3"><p>not null</p></entry>
<entry colname="col4"><p>plain</p></entry>
<entry colname="col5"><p>Name of the decompressor</p></entry>
</row>
<row>
<entry colname="col1"><codeph>compvalidator</codeph></entry>
<entry colname="col2"><p>regproc</p></entry>
<entry colname="col3"><p>not null</p></entry>
<entry colname="col4"><p>plain</p></entry>
<entry colname="col5"><p>Name of the compression validator</p></entry>
</row>
<row>
<entry colname="col1"><codeph>compowner</codeph></entry>
<entry colname="col2"><p>oid</p></entry>
<entry colname="col3"><p>not null</p></entry>
<entry colname="col4"><p>plain</p></entry>
<entry colname="col5"><p>oid from pg_authid</p></entry>
</row>
</tbody>
</tgroup>
</table>


</body>
</topic>

