<?xml version="1.0" encoding="UTF-8" ?>
<!DOCTYPE topic PUBLIC "-//OASIS//DTD DITA 1.1 Topic//EN"
  "http://docs.oasis-open.org/dita/v1.1/OS/dtd/topic.dtd">
<topic id="topic1" xml:lang="en">
<!-- generated by DCL filter dwhtm, Ver 4.1 m210 h293 -->
<title id="gf143896">pg_class</title>
<body>
<p>The system catalog table <codeph>pg_class</codeph> catalogs tables and
most everything else that has columns or is otherwise similar to a table
(also known as <i>relations</i>). This includes indexes (see also <codeph>pg_index</codeph>),
sequences, views, composite types, and TOAST tables. Not all columns
are meaningful for all relation types.</p>
<table id="gf143898">
<title>pg_catalog.pg_class</title>
<tgroup cols="4">
<colspec colnum="1" colname="col1" colwidth="131pt" />
<colspec colnum="2" colname="col2" colwidth="86pt" />
<colspec colnum="3" colname="col3" colwidth="85pt" />
<colspec colnum="4" colname="col4" colwidth="147pt" />
<thead>
<row>
<entry colname="col1"><p>column</p></entry>
<entry colname="col2"><p>type</p></entry>
<entry colname="col3"><p>references</p></entry>
<entry colname="col4"><p>description</p></entry>
</row>
</thead>
<tbody>
<row>
<entry colname="col1"><codeph>relname</codeph></entry>
<entry colname="col2"><p>name</p></entry>
<entry colname="col3"></entry>
<entry colname="col4"><p>Name of the table, index, view, etc.</p></entry>
</row>
<row>
<entry colname="col1"><codeph>relnamespace</codeph></entry>
<entry colname="col2"><p>oid</p></entry>
<entry colname="col3"><p><ph>pg_namespace.oid</ph></p></entry>
<entry colname="col4"><p>The OID of the namespace (schema) that contains
this relation</p></entry>
</row>
<row>
<entry colname="col1"><codeph>reltype</codeph></entry>
<entry colname="col2"><p>oid</p></entry>
<entry colname="col3"><p><ph>pg_type.oid</ph></p></entry>
<entry colname="col4"><p>The OID of the data type that corresponds to
this table’s row type, if any (zero for indexes, which have no <ph>pg_type</ph>
entry)</p></entry>
</row>
<row>
<entry colname="col1"><codeph>relowner</codeph></entry>
<entry colname="col2"><p>oid</p></entry>
<entry colname="col3"><p><ph>pg_authid.oid</ph></p></entry>
<entry colname="col4"><p>Owner of the relation</p></entry>
</row>
<row>
<entry colname="col1"><codeph>relam</codeph></entry>
<entry colname="col2"><p>oid</p></entry>
<entry colname="col3"><p><ph>pg_am.oid</ph></p></entry>
<entry colname="col4"><p>If this is an index, the access method used
(B-tree, Bitmap, hash, etc.)</p></entry>
</row>
<row>
<entry colname="col1"><codeph>relfilenode</codeph></entry>
<entry colname="col2"><p>oid</p></entry>
<entry colname="col3"></entry>
<entry colname="col4"><p>Name of the on-disk file of this relation; <codeph>0</codeph>
if none.</p></entry>
</row>
<row>
<entry colname="col1"><codeph>reltablespace</codeph></entry>
<entry colname="col2"><p>oid</p></entry>
<entry colname="col3"><p><ph>pg_tablespace.oid</ph></p></entry>
<entry colname="col4"><p>The tablespace in which this relation is stored.
If zero, the database’s default tablespace is implied. (Not meaningful
if the relation has no on-disk file.)</p></entry>
</row>
<row>
<entry colname="col1"><codeph>relpages</codeph></entry>
<entry colname="col2"><p>int4</p></entry>
<entry colname="col3"></entry>
<entry colname="col4"><p>Size of the on-disk representation of this table
in pages (of 32K each). This is only an estimate used by the planner.
It is updated by <codeph>VACUUM</codeph>, <codeph>ANALYZE</codeph>, and
a few DDL commands.</p></entry>
</row>
<row>
<entry colname="col1"><codeph>reltuples</codeph></entry>
<entry colname="col2"><p>float4</p></entry>
<entry colname="col3"></entry>
<entry colname="col4"><p>Number of rows in the table. This is only an
estimate used by the planner. It is updated by <codeph>VACUUM</codeph>,
<codeph>ANALYZE</codeph>, and a few DDL commands.</p></entry>
</row>
<row>
<entry colname="col1"><codeph>reltoastrelid</codeph></entry>
<entry colname="col2"><p>oid</p></entry>
<entry colname="col3"><p><ph>pg_class.oid</ph></p></entry>
<entry colname="col4"><p>OID of the TOAST table associated with this
table, <codeph>0</codeph> if none. The TOAST table stores large attributes
“out of line” in a secondary table.</p></entry>
</row>
<row>
<entry colname="col1"><codeph>reltoastidxid</codeph></entry>
<entry colname="col2"><p>oid</p></entry>
<entry colname="col3"><p><ph>pg_class.oid</ph></p></entry>
<entry colname="col4"><p>For a TOAST table, the OID of its index. <codeph>0</codeph>
if not a TOAST table.</p></entry>
</row>
<row>
<entry colname="col1"><codeph>relaosegidxid</codeph></entry>
<entry colname="col2"><p>oid</p></entry>
<entry colname="col3"></entry>
<entry colname="col4"><p>Deprecated in Greenplum Database 3.4.</p></entry>
</row>
<row>
<entry colname="col1"><codeph>relaosegrelid</codeph></entry>
<entry colname="col2"><p>oid</p></entry>
<entry colname="col3"></entry>
<entry colname="col4"><p>Deprecated in Greenplum Database 3.4.</p></entry>
</row>
<row>
<entry colname="col1"><codeph>relhasindex </codeph></entry>
<entry colname="col2"><p>boolean</p></entry>
<entry colname="col3"></entry>
<entry colname="col4"><p>True if this is a table and it has (or recently
had) any indexes. This is set by <codeph>CREATE INDEX</codeph>, but not
cleared immediately by <codeph>DROP INDEX</codeph>. <codeph>VACUUM</codeph>
will clear if it finds the table has no indexes.</p></entry>
</row>
<row>
<entry colname="col1"><codeph>relisshared</codeph></entry>
<entry colname="col2"><p>boolean</p></entry>
<entry colname="col3"></entry>
<entry colname="col4"><p>True if this table is shared across all databases
in the system. Only certain system catalog tables are shared.</p></entry>
</row>
<row>
<entry colname="col1"><codeph>relkind</codeph></entry>
<entry colname="col2"><p>char</p></entry>
<entry colname="col3"></entry>
<entry colname="col4"><p>The type of object</p><p><codeph>r</codeph>
= heap or append-optimized table, <codeph>i</codeph> = index, <codeph>S</codeph>
= sequence, <codeph>v</codeph> = view, <codeph>c</codeph> = composite
type, <codeph>t</codeph> = TOAST value, <codeph>o</codeph> = internal
append-optimized segment files and EOFs, <codeph>c</codeph> = composite
type, <codeph>u</codeph> = uncataloged temporary heap table</p></entry>
</row>
<row>
<entry colname="col1"><codeph>relstorage</codeph></entry>
<entry colname="col2"><p>char</p></entry>
<entry colname="col3"></entry>
<entry colname="col4"><p>The storage mode of a table</p><p><codeph>a</codeph>=
append-optimized, <codeph>h</codeph> = heap, <codeph>v</codeph> = virtual,
<codeph>x</codeph>= external table.</p></entry>
</row>
<row>
<entry colname="col1"><codeph>relnatts</codeph></entry>
<entry colname="col2"><p>int2</p></entry>
<entry colname="col3"></entry>
<entry colname="col4"><p>Number of user columns in the relation (system
columns not counted). There must be this many corresponding entries in
<ph>pg_attribute</ph>.</p></entry>
</row>
<row>
<entry colname="col1"><codeph>relchecks</codeph></entry>
<entry colname="col2"><p>int2</p></entry>
<entry colname="col3"></entry>
<entry colname="col4"><p>Number of check constraints on the table.</p></entry>
</row>
<row>
<entry colname="col1"><codeph>reltriggers</codeph></entry>
<entry colname="col2"><p>int2</p></entry>
<entry colname="col3"></entry>
<entry colname="col4"><p>Number of triggers on the table.</p></entry>
</row>
<row>
<entry colname="col1"><codeph>relukeys</codeph></entry>
<entry colname="col2"><p>int2</p></entry>
<entry colname="col3"></entry>
<entry colname="col4"><p>Unused</p></entry>
</row>
<row>
<entry colname="col1"><codeph>relfkeys</codeph></entry>
<entry colname="col2"><p>int2</p></entry>
<entry colname="col3"></entry>
<entry colname="col4"><p>Unused</p></entry>
</row>
<row>
<entry colname="col1"><codeph>relrefs</codeph></entry>
<entry colname="col2"><p> int2</p></entry>
<entry colname="col3"></entry>
<entry colname="col4"><p>Unused</p></entry>
</row>
<row>
<entry colname="col1"><codeph>relhasoids</codeph></entry>
<entry colname="col2"><p>boolean </p></entry>
<entry colname="col3"></entry>
<entry colname="col4"><p>True if an OID is generated for each row of
the relation.</p></entry>
</row>
<row>
<entry colname="col1"><codeph>relhaspkey</codeph></entry>
<entry colname="col2"><p>boolean </p></entry>
<entry colname="col3"></entry>
<entry colname="col4"><p>True if the table has (or once had) a primary
key.</p></entry>
</row>
<row>
<entry colname="col1"><codeph>relhasrules</codeph></entry>
<entry colname="col2"><p>boolean</p></entry>
<entry colname="col3"></entry>
<entry colname="col4"><p>True if table has rules.</p></entry>
</row>
<row>
<entry colname="col1"><codeph>relhassubclass</codeph></entry>
<entry colname="col2"><p>boolean</p></entry>
<entry colname="col3"></entry>
<entry colname="col4"><p>True if table has (or once had) any inheritance
children.</p></entry>
</row>
<row>
<entry colname="col1"><codeph>relfrozenxid</codeph></entry>
<entry colname="col2"><p>xid</p></entry>
<entry colname="col3"></entry>
<entry colname="col4"><p>All transaction IDs before this one have been
replaced with a permanent (frozen) transaction ID in this table. This
is used to track whether the table needs to be vacuumed in order to prevent
transaction ID wraparound or to allow <ph>pg_clog</ph> to be shrunk.
Zero (<codeph>InvalidTransactionId</codeph>) if the relation is not a
table.</p></entry>
</row>
<row>
<entry colname="col1"><codeph>relacl</codeph></entry>
<entry colname="col2"><p> aclitem[]</p></entry>
<entry colname="col3"></entry>
<entry colname="col4"><p>Access privileges assigned by <codeph>GRANT</codeph>
and <codeph>REVOKE</codeph>.</p></entry>
</row>
<row>
<entry colname="col1"><codeph>reloptions</codeph></entry>
<entry colname="col2"><p> text[]</p></entry>
<entry colname="col3"></entry>
<entry colname="col4"><p>Access-method-specific options, as “keyword=value”
strings.</p></entry>
</row>
</tbody>
</tgroup>
</table>


</body>
</topic>

