<?xml version="1.0" encoding="UTF-8" ?>
<!DOCTYPE topic PUBLIC "-//OASIS//DTD DITA 1.1 Topic//EN"
  "http://docs.oasis-open.org/dita/v1.1/OS/dtd/topic.dtd">
<topic id="topic1" xml:lang="en">
<!-- generated by DCL filter dwhtm, Ver 4.1 m210 h293 -->
<title id="ge143896">pg_cast</title>
<body>
<p>The catalog <codeph>pg_cast</codeph> stores data type conversion paths,
both built-in paths and those defined with <codeph>CREATE CAST</codeph>.
The cast functions listed in <codeph>pg_cast</codeph> must always take
the cast source type as their first argument type, and return the cast
destination type as their result type. A cast function can have up to
three arguments. The second argument, if present, must be type <codeph>integer</codeph>;
it receives the type modifier associated with the destination type, or
<codeph>-1</codeph> if there is none. The third argument, if present,
must be type <codeph>boolean</codeph>; it receives <codeph>true</codeph>
if the cast is an explicit cast, <codeph>false</codeph> otherwise. </p>
<p>It is legitimate to create a <codeph>pg_cast</codeph> entry in which
the source and target types are the same, if the associated function
takes more than one argument. Such entries represent ‘length coercion
functions’ that coerce values of the type to be legal for a particular
type modifier value. Note however that at present there is no support
for associating non-default type modifiers with user-created data types,
and so this facility is only of use for the small number of built-in
types that have type modifier syntax built into the grammar.</p>
<p>When a <codeph>pg_cast</codeph> entry has different source and target
types and a function that takes more than one argument, it represents
converting from one type to another and applying a length coercion in
a single step. When no such entry is available, coercion to a type that
uses a type modifier involves two steps, one to convert between data
types and a second to apply the modifier.</p>
<table id="ge143898">
<title>pg_catalog.pg_cast</title>
<tgroup cols="4">
<colspec colnum="1" colname="col1" colwidth="131pt" />
<colspec colnum="2" colname="col2" colwidth="86pt" />
<colspec colnum="3" colname="col3" colwidth="85pt" />
<colspec colnum="4" colname="col4" colwidth="147pt" />
<thead>
<row>
<entry colname="col1"><p>column</p></entry>
<entry colname="col2"><p>type</p></entry>
<entry colname="col3"><p>references</p></entry>
<entry colname="col4"><p>description</p></entry>
</row>
</thead>
<tbody>
<row>
<entry colname="col1"><codeph>castsource</codeph></entry>
<entry colname="col2"><p>oid</p></entry>
<entry colname="col3"><p><ph>pg_type.oid</ph></p></entry>
<entry colname="col4"><p>OID of the source data type.</p></entry>
</row>
<row>
<entry colname="col1"><codeph>casttarget</codeph></entry>
<entry colname="col2"><p>oid</p></entry>
<entry colname="col3"><p><ph>pg_type.oid</ph></p></entry>
<entry colname="col4"><p>OID of the target data type.</p></entry>
</row>
<row>
<entry colname="col1"><codeph>castfunc</codeph></entry>
<entry colname="col2"><p>oid</p></entry>
<entry colname="col3"><p><ph>pg_proc.oid</ph></p></entry>
<entry colname="col4"><p>The OID of the function to use to perform this
cast. Zero is stored if the data types are binary compatible (that is,
no run-time operation is needed to perform the cast).</p></entry>
</row>
<row>
<entry colname="col1"><codeph>castcontext</codeph></entry>
<entry colname="col2"><p>char</p></entry>
<entry colname="col3"></entry>
<entry colname="col4"><p>Indicates what contexts the cast may be invoked
in. <codeph>e</codeph> means only as an explicit cast (using <codeph>CAST</codeph>
or <codeph>::</codeph> syntax). <codeph>a</codeph> means implicitly in
assignment to a target column, as well as explicitly. <codeph>i</codeph>
means implicitly in expressions, as well as the other cases<i>.</i></p></entry>
</row>
</tbody>
</tgroup>
</table>


</body>
</topic>

