<?xml version="1.0" encoding="UTF-8" ?>
<!DOCTYPE topic PUBLIC "-//OASIS//DTD DITA 1.1 Topic//EN"
  "http://docs.oasis-open.org/dita/v1.1/OS/dtd/topic.dtd">
<topic id="topic1" xml:lang="en">
<!-- generated by DCL filter dwhtm, Ver 4.1 m210 h293 -->
<title id="gm143896">pg_description</title>
<body>
<p>The <codeph>pg_description</codeph> system catalog table stores optional
descriptions (comments) for each database object. Descriptions can be
manipulated with the <codeph>COMMENT</codeph> command and viewed with
<codeph>psql</codeph>’s <codeph>\d</codeph> meta-commands. Descriptions
of many built-in system objects are provided in the initial contents
of <codeph>pg_description</codeph>. See also <codeph>pg_shdescription</codeph>,
which performs a similar function for descriptions involving objects
that are shared across a Greenplum system.</p>
<table id="gm143898">
<title>pg_catalog.pg_description</title>
<tgroup cols="4">
<colspec colnum="1" colname="col1" colwidth="131pt" />
<colspec colnum="2" colname="col2" colwidth="86pt" />
<colspec colnum="3" colname="col3" colwidth="85pt" />
<colspec colnum="4" colname="col4" colwidth="147pt" />
<thead>
<row>
<entry colname="col1"><p>column</p></entry>
<entry colname="col2"><p>type</p></entry>
<entry colname="col3"><p>references</p></entry>
<entry colname="col4"><p>description</p></entry>
</row>
</thead>
<tbody>
<row>
<entry colname="col1"><codeph>objoid</codeph></entry>
<entry colname="col2"><p>oid</p></entry>
<entry colname="col3"><p>any OID column</p></entry>
<entry colname="col4"><p>The OID of the object this description pertains
to.</p></entry>
</row>
<row>
<entry colname="col1"><codeph>classoid</codeph></entry>
<entry colname="col2"><p>oid</p></entry>
<entry colname="col3"><p><ph>pg_class.oid</ph></p></entry>
<entry colname="col4"><p>The OID of the system catalog this object appears
in</p></entry>
</row>
<row>
<entry colname="col1"><codeph>objsubid </codeph></entry>
<entry colname="col2"><p>int4</p></entry>
<entry colname="col3"></entry>
<entry colname="col4"><p>For a comment on a table column, this is the
column number. For all other object types, this column is zero.</p></entry>
</row>
<row>
<entry colname="col1"><codeph>description </codeph></entry>
<entry colname="col2"><p>text</p></entry>
<entry colname="col3"></entry>
<entry colname="col4"><p>Arbitrary text that serves as the description
of this object.</p></entry>
</row>
</tbody>
</tgroup>
</table>


</body>
</topic>

