<?xml version="1.0" encoding="UTF-8" ?>
<!DOCTYPE topic PUBLIC "-//OASIS//DTD DITA 1.1 Topic//EN"
  "http://docs.oasis-open.org/dita/v1.1/OS/dtd/topic.dtd">
<topic id="topic1" xml:lang="en">
<!-- generated by DCL filter dwhtm, Ver 4.1 m210 h293 -->
<title id="gj143896">pg_database</title>
<body>
<p>The <codeph>pg_database</codeph> system catalog table stores information
about the available databases. Databases are created with the <codeph>CREATE
DATABASE</codeph> SQL command. Unlike most system catalogs, <codeph>pg_database</codeph>
is shared across all databases in the system. There is only one copy
of <codeph>pg_database</codeph> per system, not one per database.</p>
<table id="gj143898">
<title>pg_catalog.pg_database</title>
<tgroup cols="4">
<colspec colnum="1" colname="col1" colwidth="131pt" />
<colspec colnum="2" colname="col2" colwidth="86pt" />
<colspec colnum="3" colname="col3" colwidth="85pt" />
<colspec colnum="4" colname="col4" colwidth="147pt" />
<thead>
<row>
<entry colname="col1"><p>column</p></entry>
<entry colname="col2"><p>type</p></entry>
<entry colname="col3"><p>references</p></entry>
<entry colname="col4"><p>description</p></entry>
</row>
</thead>
<tbody>
<row>
<entry colname="col1"><codeph>datname</codeph></entry>
<entry colname="col2"><p>name</p></entry>
<entry colname="col3"></entry>
<entry colname="col4"><p>Database name.</p></entry>
</row>
<row>
<entry colname="col1"><codeph>datdba</codeph></entry>
<entry colname="col2"><p>oid</p></entry>
<entry colname="col3"><p><ph>pg_authid.oid</ph></p></entry>
<entry colname="col4"><p>Owner of the database, usually the user who
created it.</p></entry>
</row>
<row>
<entry colname="col1"><codeph>encoding</codeph></entry>
<entry colname="col2"><p>int4</p></entry>
<entry colname="col3"></entry>
<entry colname="col4"><p>Character encoding for this database. <codeph>pg_encoding_to_char()</codeph>
can translate this number to the encoding name.</p></entry>
</row>
<row>
<entry colname="col1"><codeph>datistemplate</codeph></entry>
<entry colname="col2"><p>boolean</p></entry>
<entry colname="col3"></entry>
<entry colname="col4"><p>If true then this database can be used in the
<codeph>TEMPLATE</codeph> clause of <codeph>CREATE DATABASE</codeph>
to create a new database as a clone of this one.</p></entry>
</row>
<row>
<entry colname="col1"><codeph>datallowconn</codeph></entry>
<entry colname="col2"><p>boolean</p></entry>
<entry colname="col3"></entry>
<entry colname="col4"><p>If false then no one can connect to this database.
This is used to protect the <codeph>template0</codeph> database from
being altered.</p></entry>
</row>
<row>
<entry colname="col1"><codeph>datconnlimit</codeph></entry>
<entry colname="col2"><p>int4</p></entry>
<entry colname="col3"></entry>
<entry colname="col4"><p>Sets the maximum number of concurrent connections
that can be made to this database. <codeph>-1</codeph> means no limit.</p></entry>
</row>
<row>
<entry colname="col1"><codeph>datlastsysoid</codeph></entry>
<entry colname="col2"><p>oid</p></entry>
<entry colname="col3"></entry>
<entry colname="col4"><p>Last system OID in the database; useful particularly
to <codeph>pg_dump/gp_dump</codeph>.</p></entry>
</row>
<row>
<entry colname="col1"><codeph>datfrozenxid </codeph></entry>
<entry colname="col2"><p>xid</p></entry>
<entry colname="col3"></entry>
<entry colname="col4"><p>All transaction IDs before this one have been
replaced with a permanent (frozen) transaction ID in this database. This
is used to track whether the database needs to be vacuumed in order to
prevent transaction ID wraparound or to allow <ph>pg_clog</ph> to be
shrunk. It is the minimum of the per-table <ph>pg_class.relfrozenxid</ph>
values.</p></entry>
</row>
<row>
<entry colname="col1"><codeph>dattablespace</codeph></entry>
<entry colname="col2"><p>oid</p></entry>
<entry colname="col3"><p><ph>pg_tablespace.oid</ph></p></entry>
<entry colname="col4"><p>The default tablespace for the database. Within
this database, all tables for which <ph>pg_class.reltablespace</ph> is
zero will be stored in this tablespace. All non-shared system catalogs
will also be there.</p></entry>
</row>
<row>
<entry colname="col1"><codeph>datconfig</codeph></entry>
<entry colname="col2"><p>text[]</p></entry>
<entry colname="col3"></entry>
<entry colname="col4"><p>Session defaults for user-settable server configuration
parameters.</p></entry>
</row>
<row>
<entry colname="col1"><codeph>datacl</codeph></entry>
<entry colname="col2"><p>aclitem[]</p></entry>
<entry colname="col3"></entry>
<entry colname="col4"><p>Database access privileges as given by <codeph>GRANT</codeph>
and <codeph>REVOKE</codeph>.</p></entry>
</row>
</tbody>
</tgroup>
</table>


</body>
</topic>

