<?xml version="1.0" encoding="UTF-8" ?>
<!DOCTYPE topic PUBLIC "-//OASIS//DTD DITA 1.1 Topic//EN"
  "http://docs.oasis-open.org/dita/v1.1/OS/dtd/topic.dtd">
<topic id="topic1" xml:lang="en">
<!-- generated by DCL filter dwhtm, Ver 4.1 m210 h293 -->
<title id="gn143896">pg_exttable</title>
<body>
<p>The <codeph>pg_exttable</codeph> system catalog table is used to track
external tables and web tables created by the <codeph>CREATE EXTERNAL
TABLE</codeph> command.</p>
<table id="gn143898">
<title>pg_catalog.pg_exttable</title>
<tgroup cols="4">
<colspec colnum="1" colname="col1" colwidth="131pt" />
<colspec colnum="2" colname="col2" colwidth="86pt" />
<colspec colnum="3" colname="col3" colwidth="85pt" />
<colspec colnum="4" colname="col4" colwidth="147pt" />
<thead>
<row>
<entry colname="col1"><p>column</p></entry>
<entry colname="col2"><p>type</p></entry>
<entry colname="col3"><p>references</p></entry>
<entry colname="col4"><p>description</p></entry>
</row>
</thead>
<tbody>
<row>
<entry colname="col1"><codeph>reloid</codeph></entry>
<entry colname="col2"><p>oid</p></entry>
<entry colname="col3"><p><ph>pg_class.oid</ph></p></entry>
<entry colname="col4"><p>The OID of this external table.</p></entry>
</row>
<row>
<entry colname="col1"><codeph>location</codeph></entry>
<entry colname="col2"><p>text[]</p></entry>
<entry colname="col3"></entry>
<entry colname="col4"><p>The URI location(s) of the external table files.</p></entry>
</row>
<row>
<entry colname="col1"><codeph>fmttype</codeph></entry>
<entry colname="col2"><p>char</p></entry>
<entry colname="col3"></entry>
<entry colname="col4"><p>Format of the external table files: <codeph>t</codeph>
for text, or <codeph>c</codeph> for csv.</p></entry>
</row>
<row>
<entry colname="col1"><codeph>fmtopts</codeph></entry>
<entry colname="col2"><p>text</p></entry>
<entry colname="col3"></entry>
<entry colname="col4"><p>Formatting options of the external table files,
such as the field delimiter, null string, escape character, etc.</p></entry>
</row>
<row>
<entry colname="col1"><codeph>command</codeph></entry>
<entry colname="col2"><p>text</p></entry>
<entry colname="col3"></entry>
<entry colname="col4"><p>The OS command to execute when the external
table is accessed.</p></entry>
</row>
<row>
<entry colname="col1"><codeph>rejectlimit</codeph></entry>
<entry colname="col2"><p>integer</p></entry>
<entry colname="col3"></entry>
<entry colname="col4"><p>The per segment reject limit for rows with errors,
after which the load will fail.</p></entry>
</row>
<row>
<entry colname="col1"><codeph>rejectlimittype</codeph></entry>
<entry colname="col2"><p>char</p></entry>
<entry colname="col3"></entry>
<entry colname="col4"><p>Type of reject limit threshold: <codeph>r</codeph>
for number of rows.</p></entry>
</row>
<row>
<entry colname="col1"><codeph>fmterrtbl</codeph></entry>
<entry colname="col2"><p>oid</p></entry>
<entry colname="col3"><p><ph>pg_class.oid</ph></p></entry>
<entry colname="col4"><p>The object id of the error table where format
errors will be logged.</p></entry>
</row>
<row>
<entry colname="col1"><codeph>encoding</codeph></entry>
<entry colname="col2"><p>text</p></entry>
<entry colname="col3"></entry>
<entry colname="col4"><p>The client encoding.</p></entry>
</row>
<row>
<entry colname="col1"><codeph>writable</codeph></entry>
<entry colname="col2"><p>boolean</p></entry>
<entry colname="col3"></entry>
<entry colname="col4"><p><codeph>0</codeph> for readable external tables,
<codeph>1</codeph> for writable external tables.</p></entry>
</row>
</tbody>
</tgroup>
</table>


</body>
</topic>

