<?xml version="1.0" encoding="UTF-8" ?>
<!DOCTYPE topic PUBLIC "-//OASIS//DTD DITA 1.1 Topic//EN"
  "http://docs.oasis-open.org/dita/v1.1/OS/dtd/topic.dtd">
<topic id="topic1" xml:lang="en">
<!-- generated by DCL filter dwhtm, Ver 4.1 m210 h293 -->
<title id="go138336">pg_filespace<ph outputclass="phindex"><indexterm>pg_filespace
</indexterm><indexterm>system catalogs
<indexterm>pg_filespace</indexterm>
</indexterm></ph></title>
<body>
<p>The pg_filespace table contains information about the filespaces created
in a Greenplum Database system. Every system contains a default filespace,
<codeph>pg_system</codeph>, which is a collection of all the data directory
locations created at system initialization time.</p>
<p>A tablespace requires a file system location to store its database
files. In Greenplum Database, the master and each segment (primary and
mirror) needs its own distinct storage location. This collection of file
system locations for all components in a Greenplum system is referred
to as a filespace.</p>
<table id="go138428">
<title>pg_catalog.pg_filespace</title>
<tgroup cols="4">
<colspec colnum="1" colname="col1" colwidth="131pt" />
<colspec colnum="2" colname="col2" colwidth="97pt" />
<colspec colnum="3" colname="col3" colwidth="82pt" />
<colspec colnum="4" colname="col4" colwidth="138pt" />
<thead>
<row>
<entry colname="col1"><p>column</p></entry>
<entry colname="col2"><p>type</p></entry>
<entry colname="col3"><p>references</p></entry>
<entry colname="col4"><p>description</p></entry>
</row>
</thead>
<tbody>
<row>
<entry colname="col1"><codeph>fsname</codeph></entry>
<entry colname="col2"><p>name</p></entry>
<entry colname="col3"></entry>
<entry colname="col4"><p>The name of the filespace.</p></entry>
</row>
<row>
<entry colname="col1"><codeph>fsowner</codeph></entry>
<entry colname="col2"><p>oid</p></entry>
<entry colname="col3"><p>pg_roles.oid</p></entry>
<entry colname="col4"><p>The object id of the role that created the filespace.</p></entry>
</row>
</tbody>
</tgroup>
</table>


</body>
</topic>

