<?xml version="1.0" encoding="UTF-8" ?>
<!DOCTYPE topic PUBLIC "-//OASIS//DTD DITA 1.1 Topic//EN"
  "http://docs.oasis-open.org/dita/v1.1/OS/dtd/topic.dtd">
<topic id="topic1" xml:lang="en">
<!-- generated by DCL filter dwhtm, Ver 4.1 m210 h293 -->
<title id="gp138336">pg_filespace_entry<ph outputclass="phindex"><indexterm>pg_filespace_entry
</indexterm><indexterm>system catalogs
<indexterm>pg_filespace_entry</indexterm>
</indexterm></ph></title>
<body>
<p>A tablespace requires a file system location to store its database files.
In Greenplum Database, the master and each segment (primary and mirror)
needs its own distinct storage location. This collection of file system
locations for all components in a Greenplum system is referred to as
a <i>filespace</i>. The pg_filespace_entry table contains information
about the collection of file system locations across a Greenplum Database
system that comprise a Greenplum Database filespace.</p>
<table id="gp138428">
<title>pg_catalog.pg_filespace_entry</title>
<tgroup cols="4">
<colspec colnum="1" colname="col1" colwidth="131pt" />
<colspec colnum="2" colname="col2" colwidth="97pt" />
<colspec colnum="3" colname="col3" colwidth="82pt" />
<colspec colnum="4" colname="col4" colwidth="138pt" />
<thead>
<row>
<entry colname="col1"><p>column</p></entry>
<entry colname="col2"><p>type</p></entry>
<entry colname="col3"><p>references</p></entry>
<entry colname="col4"><p>description</p></entry>
</row>
</thead>
<tbody>
<row>
<entry colname="col1"><codeph>fsefsoid</codeph></entry>
<entry colname="col2"><p>OID</p></entry>
<entry colname="col3"><p>pg_filespace.oid</p></entry>
<entry colname="col4"><p>Object id of the filespace.</p></entry>
</row>
<row>
<entry colname="col1"><codeph>fsedbid</codeph></entry>
<entry colname="col2"><p>integer</p></entry>
<entry colname="col3"><p>gp_segment_configuration.dbid</p></entry>
<entry colname="col4"><p>Segment id.</p></entry>
</row>
<row>
<entry colname="col1"><codeph>fselocation</codeph></entry>
<entry colname="col2"><p>text</p></entry>
<entry colname="col3"></entry>
<entry colname="col4"><p>File system location for this segment id.</p></entry>
</row>
</tbody>
</tgroup>
</table>


</body>
</topic>

