<?xml version="1.0" encoding="UTF-8" ?>
<!DOCTYPE topic PUBLIC "-//OASIS//DTD DITA 1.1 Topic//EN"
  "http://docs.oasis-open.org/dita/v1.1/OS/dtd/topic.dtd">
<topic id="topic1" xml:lang="en">
<!-- generated by DCL filter dwhtm, Ver 4.1 m210 h293 -->
<title id="gr143896">pg_inherits</title>
<body>
<p>The <codeph>pg_inherits</codeph> system catalog table records information
about table inheritance hierarchies. There is one entry for each direct
child table in the database. (Indirect inheritance can be determined
by following chains of entries.) In Greenplum Database, inheritance relationships
are created by both the <codeph>INHERITS</codeph> clause (standalone
inheritance) and the <codeph>PARTITION BY</codeph> clause (partitioned
child table inheritance) of <codeph>CREATE TABLE</codeph>.</p>
<table id="gr143898">
<title>pg_catalog.pg_inherits</title>
<tgroup cols="4">
<colspec colnum="1" colname="col1" colwidth="131pt" />
<colspec colnum="2" colname="col2" colwidth="86pt" />
<colspec colnum="3" colname="col3" colwidth="85pt" />
<colspec colnum="4" colname="col4" colwidth="147pt" />
<thead>
<row>
<entry colname="col1"><p>column</p></entry>
<entry colname="col2"><p>type</p></entry>
<entry colname="col3"><p>references</p></entry>
<entry colname="col4"><p>description</p></entry>
</row>
</thead>
<tbody>
<row>
<entry colname="col1"><codeph>inhrelid</codeph></entry>
<entry colname="col2"><p>oid</p></entry>
<entry colname="col3"><p><ph>pg_class.oid</ph></p></entry>
<entry colname="col4"><p>The OID of the child table.</p></entry>
</row>
<row>
<entry colname="col1"><codeph>inhparent</codeph></entry>
<entry colname="col2"><p>oid</p></entry>
<entry colname="col3"><p><ph>pg_class.oid</ph></p></entry>
<entry colname="col4"><p> The OID of the parent table.</p></entry>
</row>
<row>
<entry colname="col1"><codeph>inhseqno</codeph></entry>
<entry colname="col2"><p>int4</p></entry>
<entry colname="col3"></entry>
<entry colname="col4"><p>If there is more than one direct parent for
a child table (multiple inheritance), this number tells the order in
which the inherited columns are to be arranged. The count starts at 1.</p></entry>
</row>
</tbody>
</tgroup>
</table>


</body>
</topic>

