<?xml version="1.0" encoding="UTF-8" ?>
<!DOCTYPE topic PUBLIC "-//OASIS//DTD DITA 1.1 Topic//EN"
  "http://docs.oasis-open.org/dita/v1.1/OS/dtd/topic.dtd">
<topic id="topic1" xml:lang="en">
<!-- generated by DCL filter dwhtm, Ver 4.1 m210 h293 -->
<title id="gq143896">pg_index</title>
<body>
<p>The <codeph>pg_index</codeph> system catalog table contains part of
the information about indexes. The rest is mostly in <codeph>pg_class</codeph>.</p>
<table id="gq143898">
<title>pg_catalog.pg_index</title>
<tgroup cols="4">
<colspec colnum="1" colname="col1" colwidth="131pt" />
<colspec colnum="2" colname="col2" colwidth="86pt" />
<colspec colnum="3" colname="col3" colwidth="85pt" />
<colspec colnum="4" colname="col4" colwidth="147pt" />
<thead>
<row>
<entry colname="col1"><p>column</p></entry>
<entry colname="col2"><p>type</p></entry>
<entry colname="col3"><p>references</p></entry>
<entry colname="col4"><p>description</p></entry>
</row>
</thead>
<tbody>
<row>
<entry colname="col1"><codeph>indexrelid</codeph></entry>
<entry colname="col2"><p>oid</p></entry>
<entry colname="col3"><p><ph>pg_class.oid</ph></p></entry>
<entry colname="col4"><p>The OID of the <ph>pg_class</ph> entry for this
index.</p></entry>
</row>
<row>
<entry colname="col1"><codeph>indrelid</codeph></entry>
<entry colname="col2"><p>oid</p></entry>
<entry colname="col3"><p><ph>pg_class.oid</ph></p></entry>
<entry colname="col4"><p>The OID of the <ph>pg_class</ph> entry for the
table this index is for.</p></entry>
</row>
<row>
<entry colname="col1"><codeph>indnatts</codeph></entry>
<entry colname="col2"><p>int2</p></entry>
<entry colname="col3"></entry>
<entry colname="col4"><p>The number of columns in the index (duplicates
<ph>pg_class.relnatts</ph>).</p></entry>
</row>
<row>
<entry colname="col1"><codeph>indisunique</codeph></entry>
<entry colname="col2"><p>boolean </p></entry>
<entry colname="col3"></entry>
<entry colname="col4"><p>If true, this is a unique index.</p></entry>
</row>
<row>
<entry colname="col1"><codeph>indisprimary</codeph></entry>
<entry colname="col2"><p>boolean</p></entry>
<entry colname="col3"></entry>
<entry colname="col4"><p>If true, this index represents the primary key
of the table. (<ph>indisunique</ph> should always be true when this is
true.)</p></entry>
</row>
<row>
<entry colname="col1"><codeph>indisclustered</codeph></entry>
<entry colname="col2"><p>boolean</p></entry>
<entry colname="col3"></entry>
<entry colname="col4"><p>If true, the table was last clustered on this
index via the <codeph>CLUSTER</codeph> command.</p></entry>
</row>
<row>
<entry colname="col1"><codeph>indisvalid</codeph></entry>
<entry colname="col2"><p>boolean</p></entry>
<entry colname="col3"></entry>
<entry colname="col4"><p>If true, the index is currently valid for queries.
False means the index is possibly incomplete: it must still be modified
by <codeph>INSERT</codeph>/<codeph>UPDATE</codeph> operations, but it
cannot safely be used for queries.</p></entry>
</row>
<row>
<entry colname="col1"><codeph>indkey</codeph></entry>
<entry colname="col2"><p>int2vector</p></entry>
<entry colname="col3"><p><ph>pg_attribute.attnum</ph></p></entry>
<entry colname="col4"><p>This is an array of <ph>indnatts</ph> values
that indicate which table columns this index indexes. For example a value
of 1 3 would mean that the first and the third table columns make up
the index key. A zero in this array indicates that the corresponding
index attribute is an expression over the table columns, rather than
a simple column reference.</p></entry>
</row>
<row>
<entry colname="col1"><codeph>indclass</codeph></entry>
<entry colname="col2"><p>oidvector</p></entry>
<entry colname="col3"><p><ph>pg_opclass.oid</ph></p></entry>
<entry colname="col4"><p>For each column in the index key this contains
the OID of the operator class to use.</p></entry>
</row>
<row>
<entry colname="col1"><codeph>indexprs</codeph></entry>
<entry colname="col2"><p>text</p></entry>
<entry colname="col3"></entry>
<entry colname="col4"><p>Expression trees (in <codeph>nodeToString()</codeph>
representation) for index attributes that are not simple column references.
This is a list with one element for each zero entry in <ph>indkey</ph>.
NULL if all index attributes are simple references.</p></entry>
</row>
<row>
<entry colname="col1"><codeph>indpred</codeph></entry>
<entry colname="col2"><p>text</p></entry>
<entry colname="col3"></entry>
<entry colname="col4"><p>Expression tree (in <codeph>nodeToString()</codeph>
representation) for partial index predicate. NULL if not a partial index.</p></entry>
</row>
</tbody>
</tgroup>
</table>


</body>
</topic>

