<?xml version="1.0" encoding="UTF-8" ?>
<!DOCTYPE topic PUBLIC "-//OASIS//DTD DITA 1.1 Topic//EN"
  "http://docs.oasis-open.org/dita/v1.1/OS/dtd/topic.dtd">
<topic id="topic1" xml:lang="en">
<!-- generated by DCL filter dwhtm, Ver 4.1 m210 h293 -->
<title id="gt143896">pg_largeobject</title>
<body>
<p>The <codeph>pg_largeobject</codeph> system catalog table holds the data
making up ‘large objects’. A large object is identified by an OID
assigned when it is created. Each large object is broken into segments
or ‘pages’ small enough to be conveniently stored as rows in <codeph>pg_largeobject</codeph>.
The amount of data per page is defined to be <codeph>LOBLKSIZE</codeph>
(which is currently <codeph>BLCKSZ</codeph>/4, or typically 8K). </p>
<p>Each row of <codeph>pg_largeobject</codeph> holds data for one page
of a large object, beginning at byte offset (<i>pageno</i><codeph> *
LOBLKSIZE</codeph>) within the object. The implementation allows sparse
storage: pages may be missing, and may be shorter than <codeph>LOBLKSIZE</codeph>
bytes even if they are not the last page of the object. Missing regions
within a large object read as zeroes.</p>
<table id="gt143898">
<title>pg_catalog.pg_largeobject</title>
<tgroup cols="4">
<colspec colnum="1" colname="col1" colwidth="131pt" />
<colspec colnum="2" colname="col2" colwidth="86pt" />
<colspec colnum="3" colname="col3" colwidth="85pt" />
<colspec colnum="4" colname="col4" colwidth="147pt" />
<thead>
<row>
<entry colname="col1"><p>column</p></entry>
<entry colname="col2"><p>type</p></entry>
<entry colname="col3"><p>references</p></entry>
<entry colname="col4"><p>description</p></entry>
</row>
</thead>
<tbody>
<row>
<entry colname="col1"><codeph>loid</codeph></entry>
<entry colname="col2"><p>oid</p></entry>
<entry colname="col3"></entry>
<entry colname="col4"><p>Identifier of the large object that includes
this page.</p></entry>
</row>
<row>
<entry colname="col1"><codeph>pageno</codeph></entry>
<entry colname="col2"><p> int4</p></entry>
<entry colname="col3"></entry>
<entry colname="col4"><p>Page number of this page within its large object
(counting from zero).</p></entry>
</row>
<row>
<entry colname="col1"><codeph>data</codeph></entry>
<entry colname="col2"><p>bytea</p></entry>
<entry colname="col3"></entry>
<entry colname="col4"><p>Actual data stored in the large object. This
will never be more than <codeph>LOBLKSIZE</codeph> bytes and may be less.</p></entry>
</row>
</tbody>
</tgroup>
</table>


</body>
</topic>

