<?xml version="1.0" encoding="UTF-8" ?>
<!DOCTYPE topic PUBLIC "-//OASIS//DTD DITA 1.1 Topic//EN"
  "http://docs.oasis-open.org/dita/v1.1/OS/dtd/topic.dtd">
<topic id="topic1" xml:lang="en">
<!-- generated by DCL filter dwhtm, Ver 4.1 m210 h293 -->
<title id="gs143896">pg_language</title>
<body>
<p>The <codeph>pg_language</codeph> system catalog table registers languages
in which you can write functions or stored procedures. It is populated
by <codeph>CREATE LANGUAGE</codeph>.</p>
<table id="gs143898">
<title>pg_catalog.pg_language</title>
<tgroup cols="4">
<colspec colnum="1" colname="col1" colwidth="131pt" />
<colspec colnum="2" colname="col2" colwidth="86pt" />
<colspec colnum="3" colname="col3" colwidth="85pt" />
<colspec colnum="4" colname="col4" colwidth="147pt" />
<thead>
<row>
<entry colname="col1"><p>column</p></entry>
<entry colname="col2"><p>type</p></entry>
<entry colname="col3"><p>references</p></entry>
<entry colname="col4"><p>description</p></entry>
</row>
</thead>
<tbody>
<row>
<entry colname="col1"><codeph>lanname</codeph></entry>
<entry colname="col2"><p>name</p></entry>
<entry colname="col3"></entry>
<entry colname="col4"><p>Name of the language.</p></entry>
</row>
<row>
<entry colname="col1"><codeph>lanispl </codeph></entry>
<entry colname="col2"><p>boolean</p></entry>
<entry colname="col3"></entry>
<entry colname="col4"><p>This is false for internal languages (such as
SQL) and true for user-defined languages. Currently, <codeph>pg_dump</codeph>
still uses this to determine which languages need to be dumped, but this
may be replaced by a different mechanism in the future.</p></entry>
</row>
<row>
<entry colname="col1"><codeph>lanpltrusted </codeph></entry>
<entry colname="col2"><p>boolean</p></entry>
<entry colname="col3"></entry>
<entry colname="col4"><p>True if this is a trusted language, which means
that it is believed not to grant access to anything outside the normal
SQL execution environment. Only superusers may create functions in untrusted
languages.</p></entry>
</row>
<row>
<entry colname="col1"><codeph>lanplcallfoid</codeph></entry>
<entry colname="col2"><p>oid</p></entry>
<entry colname="col3"><p><ph>pg_proc.oid</ph></p></entry>
<entry colname="col4"><p>For noninternal languages this references the
language handler, which is a special function that is responsible for
executing all functions that are written in the particular language.</p></entry>
</row>
<row>
<entry colname="col1"><codeph>lanvalidator</codeph></entry>
<entry colname="col2"><p>oid</p></entry>
<entry colname="col3"><p><ph>pg_proc.oid</ph></p></entry>
<entry colname="col4"><p>This references a language validator function
that is responsible for checking the syntax and validity of new functions
when they are created. Zero if no validator is provided.</p></entry>
</row>
<row>
<entry colname="col1"><codeph>lanacl </codeph></entry>
<entry colname="col2"><p>aclitem[]</p></entry>
<entry colname="col3"></entry>
<entry colname="col4"><p>Access privileges for the language.</p></entry>
</row>
</tbody>
</tgroup>
</table>


</body>
</topic>

