<?xml version="1.0" encoding="UTF-8" ?>
<!DOCTYPE topic PUBLIC "-//OASIS//DTD DITA 1.1 Topic//EN"
  "http://docs.oasis-open.org/dita/v1.1/OS/dtd/topic.dtd">
<topic id="topic1" xml:lang="en">
<!-- generated by DCL filter dwhtm, Ver 4.1 m210 h293 -->
<title id="gv141670">pg_locks</title>
<body>
<p>The view <codeph>pg_locks</codeph> provides access to information about
the locks held by open transactions within Greenplum Database.</p>
<p><codeph>pg_locks</codeph> contains one row per active lockable object,
requested lock mode, and relevant transaction. Thus, the same lockable
object may appear many times, if multiple transactions are holding or
waiting for locks on it. However, an object that currently has no locks
on it will not appear at all. </p>
<p>There are several distinct types of lockable objects: whole relations
(such as tables), individual pages of relations, individual tuples of
relations, transaction IDs, and general database objects. Also, the right
to extend a relation is represented as a separate lockable object.</p>
<table id="gv141982">
<title>pg_catalog.pg_locks</title>
<tgroup cols="4">
<colspec colnum="1" colname="col1" colwidth="131pt" />
<colspec colnum="2" colname="col2" colwidth="86pt" />
<colspec colnum="3" colname="col3" colwidth="85pt" />
<colspec colnum="4" colname="col4" colwidth="147pt" />
<thead>
<row>
<entry colname="col1"><p>column</p></entry>
<entry colname="col2"><p>type</p></entry>
<entry colname="col3"><p>references</p></entry>
<entry colname="col4"><p>description</p></entry>
</row>
</thead>
<tbody>
<row>
<entry colname="col1"><codeph>locktype</codeph></entry>
<entry colname="col2"><p>text</p></entry>
<entry colname="col3"></entry>
<entry colname="col4"><p>Type of the lockable object: <codeph>relation</codeph>,
<codeph>extend</codeph>, <codeph>page</codeph>, <codeph>tuple</codeph>,
<codeph>transactionid</codeph>, <codeph>object</codeph>, <codeph>userlock</codeph>,
<codeph>resource queue</codeph>, or <codeph>advisory</codeph></p></entry>
</row>
<row>
<entry colname="col1"><codeph>database</codeph></entry>
<entry colname="col2"><p>oid</p></entry>
<entry colname="col3"><p><ph>pg_database.oid</ph></p></entry>
<entry colname="col4"><p>OID of the database in which the object exists,
zero if the object is a shared object, or NULL if the object is a transaction
ID</p></entry>
</row>
<row>
<entry colname="col1"><codeph>relation</codeph></entry>
<entry colname="col2"><p>oid</p></entry>
<entry colname="col3"><p><ph>pg_class.oid</ph></p></entry>
<entry colname="col4"><p>OID of the relation, or NULL if the object is
not a relation or part of a relation</p></entry>
</row>
<row>
<entry colname="col1"><codeph>page </codeph></entry>
<entry colname="col2"><p>integer</p></entry>
<entry colname="col3"><p></p></entry>
<entry colname="col4"><p>Page number within the relation, or NULL if
the object is not a tuple or relation page</p></entry>
</row>
<row>
<entry colname="col1"><codeph>tuple </codeph></entry>
<entry colname="col2"><p>smallint</p></entry>
<entry colname="col3"><p></p></entry>
<entry colname="col4"><p>Tuple number within the page, or NULL if the
object is not a tuple</p></entry>
</row>
<row>
<entry colname="col1"><codeph>transactionid </codeph></entry>
<entry colname="col2"><p>xid</p></entry>
<entry colname="col3"><p></p></entry>
<entry colname="col4"><p>ID of a transaction, or NULL if the object is
not a transaction ID</p></entry>
</row>
<row>
<entry colname="col1"><codeph>classid</codeph></entry>
<entry colname="col2"><p>oid</p></entry>
<entry colname="col3"><p><ph>pg_class.oid</ph></p></entry>
<entry colname="col4"><p>OID of the system catalog containing the object,
or NULL if the object is not a general database object</p></entry>
</row>
<row>
<entry colname="col1"><codeph>objid </codeph></entry>
<entry colname="col2"><p>oid</p></entry>
<entry colname="col3"><p>any OID column</p></entry>
<entry colname="col4"><p>OID of the object within its system catalog,
or NULL if the object is not a general database object</p></entry>
</row>
<row>
<entry colname="col1"><codeph>objsubid </codeph></entry>
<entry colname="col2"><p>smallint</p></entry>
<entry colname="col3"></entry>
<entry colname="col4"><p>For a table column, this is the column number
(the <ph>classid</ph> and <ph>objid</ph> refer to the table itself).
For all other object types, this column is zero. NULL if the object is
not a general database object</p></entry>
</row>
<row>
<entry colname="col1"><codeph>transaction</codeph></entry>
<entry colname="col2"><p>xid</p></entry>
<entry colname="col3"></entry>
<entry colname="col4"><p>ID of the transaction that is holding or awaiting
this lock</p></entry>
</row>
<row>
<entry colname="col1"><codeph>pid</codeph></entry>
<entry colname="col2"><p>integer</p></entry>
<entry colname="col3"></entry>
<entry colname="col4"><p>Process ID of the server process holding or
awaiting this lock. NULL if the lock is held by a prepared transaction</p></entry>
</row>
<row>
<entry colname="col1"><codeph>mode</codeph></entry>
<entry colname="col2"><p>text</p></entry>
<entry colname="col3"></entry>
<entry colname="col4"><p>Name of the lock mode held or desired by this
process</p></entry>
</row>
<row>
<entry colname="col1"><codeph>granted</codeph></entry>
<entry colname="col2"><p>boolean</p></entry>
<entry colname="col3"></entry>
<entry colname="col4"><p>True if lock is held, false if lock is awaited</p></entry>
</row>
<row>
<entry colname="col1"><codeph>mppsessionid</codeph></entry>
<entry colname="col2"><p>integer</p></entry>
<entry colname="col3"></entry>
<entry colname="col4"><p>The id of the client session associated with
this lock.</p></entry>
</row>
<row>
<entry colname="col1"><codeph>mppiswriter</codeph></entry>
<entry colname="col2"><p>boolean</p></entry>
<entry colname="col3"></entry>
<entry colname="col4"><p>Is the lock held by a writer process?</p></entry>
</row>
<row>
<entry colname="col1"><codeph>gp_segment_id</codeph></entry>
<entry colname="col2"><p>integer</p></entry>
<entry colname="col3"></entry>
<entry colname="col4"><p>The Greenplum segment id (<codeph>dbid</codeph>)
where the lock is held.</p></entry>
</row>
</tbody>
</tgroup>
</table>


</body>
</topic>

