<?xml version="1.0" encoding="UTF-8" ?>
<!DOCTYPE topic PUBLIC "-//OASIS//DTD DITA 1.1 Topic//EN"
  "http://docs.oasis-open.org/dita/v1.1/OS/dtd/topic.dtd">
<topic id="topic1" xml:lang="en">
<!-- generated by DCL filter dwhtm, Ver 4.1 m210 h293 -->
<title id="gx143896">pg_namespace</title>
<body>
<p>The <codeph>pg_namespace</codeph> system catalog table stores namespaces.
A namespace is the structure underlying SQL schemas: each namespace can
have a separate collection of relations, types, etc. without name conflicts.</p>
<table id="gx143898">
<title>pg_catalog.pg_namespace</title>
<tgroup cols="4">
<colspec colnum="1" colname="col1" colwidth="131pt" />
<colspec colnum="2" colname="col2" colwidth="86pt" />
<colspec colnum="3" colname="col3" colwidth="85pt" />
<colspec colnum="4" colname="col4" colwidth="147pt" />
<thead>
<row>
<entry colname="col1"><p>column</p></entry>
<entry colname="col2"><p>type</p></entry>
<entry colname="col3"><p>references</p></entry>
<entry colname="col4"><p>description</p></entry>
</row>
</thead>
<tbody>
<row>
<entry colname="col1"><codeph>nspname</codeph></entry>
<entry colname="col2"><p>name</p></entry>
<entry colname="col3"></entry>
<entry colname="col4"><p>Name of the namespace</p></entry>
</row>
<row>
<entry colname="col1"><codeph>nspowner</codeph></entry>
<entry colname="col2"><p>oid</p></entry>
<entry colname="col3"><p><ph>pg_authid.oid</ph></p></entry>
<entry colname="col4"><p>Owner of the namespace</p></entry>
</row>
<row>
<entry colname="col1"><codeph>nspacl </codeph></entry>
<entry colname="col2"><p>aclitem[]</p></entry>
<entry colname="col3"></entry>
<entry colname="col4"><p>Access privileges as given by <codeph>GRANT</codeph>
and <codeph>REVOKE</codeph>.</p></entry>
</row>
</tbody>
</tgroup>
</table>


</body>
</topic>

