<?xml version="1.0" encoding="UTF-8" ?>
<!DOCTYPE topic PUBLIC "-//OASIS//DTD DITA 1.1 Topic//EN"
  "http://docs.oasis-open.org/dita/v1.1/OS/dtd/topic.dtd">
<topic id="topic1" xml:lang="en">
<!-- generated by DCL filter dwhtm, Ver 4.1 m210 h293 -->
<title id="gy141670">pg_operator</title>
<body>
<p>The <codeph>pg_operator</codeph> system catalog table stores information
about operators, both built-in and those defined by <codeph>CREATE OPERATOR</codeph>.
Unused column contain zeroes. For example, <codeph>oprleft</codeph> is
zero for a prefix operator.</p>
<table id="gy150092">
<title>pg_catalog.pg_operator</title>
<tgroup cols="4">
<colspec colnum="1" colname="col1" colwidth="131pt" />
<colspec colnum="2" colname="col2" colwidth="86pt" />
<colspec colnum="3" colname="col3" colwidth="85pt" />
<colspec colnum="4" colname="col4" colwidth="147pt" />
<thead>
<row>
<entry colname="col1"><p>column</p></entry>
<entry colname="col2"><p>type</p></entry>
<entry colname="col3"><p>references</p></entry>
<entry colname="col4"><p>description</p></entry>
</row>
</thead>
<tbody>
<row>
<entry colname="col1"><codeph>oprname</codeph></entry>
<entry colname="col2"><p>name</p></entry>
<entry colname="col3"><p></p></entry>
<entry colname="col4"><p>Name of the operator.</p></entry>
</row>
<row>
<entry colname="col1"><codeph>oprnamespace</codeph></entry>
<entry colname="col2"><p>oid</p></entry>
<entry colname="col3"><p><ph>pg_namespace.oid</ph></p></entry>
<entry colname="col4"><p>The OID of the namespace that contains this
operator.</p></entry>
</row>
<row>
<entry colname="col1"><codeph>oprowner</codeph></entry>
<entry colname="col2"><p>oid</p></entry>
<entry colname="col3"><p><ph>pg_authid.oid</ph></p></entry>
<entry colname="col4"><p>Owner of the operator. </p></entry>
</row>
<row>
<entry colname="col1"><codeph>oprkind</codeph></entry>
<entry colname="col2"><p>char</p></entry>
<entry colname="col3"><p></p></entry>
<entry colname="col4"><p><codeph>b</codeph> = infix (both), <codeph>l</codeph>
= prefix (left), <codeph>r</codeph> = postfix (right)</p></entry>
</row>
<row>
<entry colname="col1"><codeph>oprcanhash</codeph></entry>
<entry colname="col2"><p>boolean</p></entry>
<entry colname="col3"><p></p></entry>
<entry colname="col4"><p>This operator supports hash joins.</p></entry>
</row>
<row>
<entry colname="col1"><codeph>oprleft</codeph></entry>
<entry colname="col2"><p>oid</p></entry>
<entry colname="col3"><p><ph>pg_type.oid</ph></p></entry>
<entry colname="col4"><p>Type of the left operand.</p></entry>
</row>
<row>
<entry colname="col1"><codeph>oprright</codeph></entry>
<entry colname="col2"><p>oid</p></entry>
<entry colname="col3"><p><ph>pg_type.oid</ph></p></entry>
<entry colname="col4"><p>Type of the right operand.</p></entry>
</row>
<row>
<entry colname="col1"><codeph>oprresult</codeph></entry>
<entry colname="col2"><p>oid</p></entry>
<entry colname="col3"><p><ph>pg_type.oid</ph></p></entry>
<entry colname="col4"><p>Type of the result.</p></entry>
</row>
<row>
<entry colname="col1"><codeph>oprcom</codeph></entry>
<entry colname="col2"><p>oid</p></entry>
<entry colname="col3"><p><ph>pg_operator.oid</ph></p></entry>
<entry colname="col4"><p>Commutator of this operator, if any.</p></entry>
</row>
<row>
<entry colname="col1"><codeph>oprnegate</codeph></entry>
<entry colname="col2"></entry>
<entry colname="col3"><p><ph>pg_operator.oid</ph></p></entry>
<entry colname="col4"><p>Negator of this operator, if any.</p></entry>
</row>
<row>
<entry colname="col1"><codeph>oprlsortop</codeph></entry>
<entry colname="col2"><p>oid</p></entry>
<entry colname="col3"><p><ph>pg_operator.oid</ph></p></entry>
<entry colname="col4"><p>If this operator supports merge joins, the operator
that sorts the type of the left-hand operand (<codeph>L&lt;L</codeph>).</p></entry>
</row>
<row>
<entry colname="col1"><codeph>oprrsortop I</codeph></entry>
<entry colname="col2"><p>oid</p></entry>
<entry colname="col3"><p><ph>pg_operator.oid</ph></p></entry>
<entry colname="col4"><p>f this operator supports merge joins, the operator
that sorts the type of the right-hand operand (<codeph>R&lt;R</codeph>).</p></entry>
</row>
<row>
<entry colname="col1"><codeph>oprltcmpop</codeph></entry>
<entry colname="col2"><p>oid</p></entry>
<entry colname="col3"><p><ph>pg_operator.oid</ph></p></entry>
<entry colname="col4"><p>If this operator supports merge joins, the less-than
operator that compares the left and right operand types (<codeph>L&lt;R</codeph>).</p></entry>
</row>
<row>
<entry colname="col1"><codeph>oprgtcmpop</codeph></entry>
<entry colname="col2"><p>oid</p></entry>
<entry colname="col3"><p><ph>pg_operator.oid</ph></p></entry>
<entry colname="col4"><p>If this operator supports merge joins, the greater-than
operator that compares the left and right operand types (<codeph>L&gt;R</codeph>).</p></entry>
</row>
<row>
<entry colname="col1"><codeph>oprcode</codeph></entry>
<entry colname="col2"><p>regproc</p></entry>
<entry colname="col3"><p><ph>pg_proc.oid</ph></p></entry>
<entry colname="col4"><p>Function that implements this operator.</p></entry>
</row>
<row>
<entry colname="col1"><codeph>oprrest </codeph></entry>
<entry colname="col2"><p>regproc</p></entry>
<entry colname="col3"><p><ph>pg_proc.oid</ph></p></entry>
<entry colname="col4"><p>Restriction selectivity estimation function
for this operator.</p></entry>
</row>
<row>
<entry colname="col1"><codeph>oprjoin</codeph></entry>
<entry colname="col2"><p>regproc</p></entry>
<entry colname="col3"><p><ph>pg_proc.oid</ph></p></entry>
<entry colname="col4"><p>Join selectivity estimation function for this
operator.</p></entry>
</row>
</tbody>
</tgroup>
</table>


</body>
</topic>

