<?xml version="1.0" encoding="UTF-8" ?>
<!DOCTYPE topic PUBLIC "-//OASIS//DTD DITA 1.1 Topic//EN"
  "http://docs.oasis-open.org/dita/v1.1/OS/dtd/topic.dtd">
<topic id="topic1" xml:lang="en">
<!-- generated by DCL filter dwhtm, Ver 4.1 m210 h293 -->
<title id="gw141670">pg_opclass</title>
<body>
<p>The <codeph>pg_opclass</codeph> system catalog table defines index access
method operator classes. Each operator class defines semantics for index
columns of a particular data type and a particular index access method.
Note that there can be multiple operator classes for a given data type/access
method combination, thus supporting multiple behaviors. The majority
of the information defining an operator class is actually not in its
<codeph>pg_opclass</codeph> row, but in the associated rows in <codeph>pg_amop</codeph>
and <codeph>pg_amproc</codeph>. Those rows are considered to be part
of the operator class definition — this is not unlike the way that
a relation is defined by a single <codeph>pg_class</codeph> row plus
associated rows in <codeph>pg_attribute</codeph> and other tables.</p>
<table id="gw141982">
<title>pg_catalog.pg_opclass</title>
<tgroup cols="4">
<colspec colnum="1" colname="col1" colwidth="131pt" />
<colspec colnum="2" colname="col2" colwidth="86pt" />
<colspec colnum="3" colname="col3" colwidth="85pt" />
<colspec colnum="4" colname="col4" colwidth="147pt" />
<thead>
<row>
<entry colname="col1"><p>column</p></entry>
<entry colname="col2"><p>type</p></entry>
<entry colname="col3"><p>references</p></entry>
<entry colname="col4"><p>description</p></entry>
</row>
</thead>
<tbody>
<row>
<entry colname="col1"><codeph>opcamid</codeph></entry>
<entry colname="col2"><p>oid</p></entry>
<entry colname="col3"><p><ph>pg_am.oid</ph></p></entry>
<entry colname="col4"><p>Index access method operator class is for.</p></entry>
</row>
<row>
<entry colname="col1"><codeph>opcname</codeph></entry>
<entry colname="col2"><p>name</p></entry>
<entry colname="col3"><p></p></entry>
<entry colname="col4"><p>Name of this operator class</p></entry>
</row>
<row>
<entry colname="col1"><codeph>opcnamespace</codeph></entry>
<entry colname="col2"><p>oid</p></entry>
<entry colname="col3"><p><ph>pg_namespace.oid</ph></p></entry>
<entry colname="col4"><p>Namespace of this operator class </p></entry>
</row>
<row>
<entry colname="col1"><codeph>opcowner</codeph></entry>
<entry colname="col2"><p>oid</p></entry>
<entry colname="col3"><p><ph>pg_authid.oid</ph></p></entry>
<entry colname="col4"><p>Owner of the operator class</p></entry>
</row>
<row>
<entry colname="col1"><codeph>opcintype</codeph></entry>
<entry colname="col2"><p>oid</p></entry>
<entry colname="col3"><p><ph>pg_type.oid</ph></p></entry>
<entry colname="col4"><p>Data type that the operator class indexes.</p></entry>
</row>
<row>
<entry colname="col1"><codeph>opcdefault</codeph></entry>
<entry colname="col2"><p>boolean</p></entry>
<entry colname="col3"><p></p></entry>
<entry colname="col4"><p>True if this operator class is the default for
the data type <ph>opcintype</ph>.</p></entry>
</row>
<row>
<entry colname="col1"><codeph>opckeytype</codeph></entry>
<entry colname="col2"><p>oid</p></entry>
<entry colname="col3"><p><ph>pg_type.oid</ph></p></entry>
<entry colname="col4"><p>Type of data stored in index, or zero if same
as <ph>opcintype</ph>.</p></entry>
</row>
</tbody>
</tgroup>
</table>


</body>
</topic>

