<?xml version="1.0" encoding="UTF-8" ?>
<!DOCTYPE topic PUBLIC "-//OASIS//DTD DITA 1.1 Topic//EN"
  "http://docs.oasis-open.org/dita/v1.1/OS/dtd/topic.dtd">
<topic id="topic1" xml:lang="en">
<!-- generated by DCL filter dwhtm, Ver 4.1 m210 h293 -->
<title id="hc143896">pg_partition_rule</title>
<body>
<p>The <codeph>pg_partition_rule</codeph> system catalog table is used
to track partitioned tables, their check constraints, and data containment
rules. Each row of <codeph>pg_partition_rule</codeph> represents either
a leaf partition (the bottom level partitions that contain data), or
a branch partition (a top or mid-level partition that is used to define
the partition hierarchy, but does not contain any data).</p>
<table id="hc179425">
<title>pg_catalog.pg_partition_rule</title>
<tgroup cols="4">
<colspec colnum="1" colname="col1" colwidth="131pt" />
<colspec colnum="2" colname="col2" colwidth="86pt" />
<colspec colnum="3" colname="col3" colwidth="85pt" />
<colspec colnum="4" colname="col4" colwidth="147pt" />
<thead>
<row>
<entry colname="col1"><p>column</p></entry>
<entry colname="col2"><p>type</p></entry>
<entry colname="col3"><p>references</p></entry>
<entry colname="col4"><p>description</p></entry>
</row>
</thead>
<tbody>
<row>
<entry colname="col1"><codeph>paroid</codeph></entry>
<entry colname="col2"><p>oid</p></entry>
<entry colname="col3"><p><ph>pg_partition.oid</ph></p></entry>
<entry colname="col4"><p>Row identifier of the partitioning level (from
<xref
 href="pg_partition.xml#topic1" type="topic" format="xml"></xref>)
to which this partition belongs. In the case of a branch partition, the
corresponding table (identified by <xref
 href="#topic1" type="topic" format="dita"></xref>)
is an empty container table. In case of a leaf partition, the table contains
the rows for that partition containment rule.</p></entry>
</row>
<row>
<entry colname="col1"><codeph id="hc179451">parchildrelid</codeph></entry>
<entry colname="col2"><p>oid</p></entry>
<entry colname="col3"><p><ph>pg_class.oid</ph></p></entry>
<entry colname="col4"><p>The table identifier of the partition (child
table).</p></entry>
</row>
<row>
<entry colname="col1"><codeph>parparentrule</codeph></entry>
<entry colname="col2"><p>oid</p></entry>
<entry colname="col3"><p><ph>pg_partition_rule.paroid</ph></p></entry>
<entry colname="col4"><p>The row identifier of the rule associated with
the parent table of this partition.</p></entry>
</row>
<row>
<entry colname="col1"><codeph>parname</codeph></entry>
<entry colname="col2"><p>name</p></entry>
<entry colname="col3"></entry>
<entry colname="col4"><p>The given name of this partition.</p></entry>
</row>
<row>
<entry colname="col1"><codeph>parisdefault</codeph></entry>
<entry colname="col2"><p>boolean</p></entry>
<entry colname="col3"></entry>
<entry colname="col4"><p>Whether or not this partition is a default partition.</p></entry>
</row>
<row>
<entry colname="col1"><codeph>parruleord</codeph></entry>
<entry colname="col2"><p>smallint</p></entry>
<entry colname="col3"></entry>
<entry colname="col4"><p>For range partitioned tables, the rank of this
partition on this level of the partition hierarchy.</p></entry>
</row>
<row>
<entry colname="col1"><codeph>parrangestartincl</codeph></entry>
<entry colname="col2"><p>boolean</p></entry>
<entry colname="col3"></entry>
<entry colname="col4"><p>For range partitioned tables, whether or not
the starting value is inclusive.</p></entry>
</row>
<row>
<entry colname="col1"><codeph>parrangeendincl</codeph></entry>
<entry colname="col2"><p>boolean</p></entry>
<entry colname="col3"></entry>
<entry colname="col4"><p>For range partitioned tables, whether or not
the ending value is inclusive.</p></entry>
</row>
<row>
<entry colname="col1"><codeph>parrangestart</codeph></entry>
<entry colname="col2"><p>text</p></entry>
<entry colname="col3"></entry>
<entry colname="col4"><p>For range partitioned tables, the starting value
of the range.</p></entry>
</row>
<row>
<entry colname="col1"><codeph>parrangeend</codeph></entry>
<entry colname="col2"><p>text</p></entry>
<entry colname="col3"></entry>
<entry colname="col4"><p>For range partitioned tables, the ending value
of the range.</p></entry>
</row>
<row>
<entry colname="col1"><codeph>parrangeevery</codeph></entry>
<entry colname="col2"><p>text</p></entry>
<entry colname="col3"></entry>
<entry colname="col4"><p>For range partitioned tables, the interval value
of the EVERY clause.</p></entry>
</row>
<row>
<entry colname="col1"><codeph>parlistvalues</codeph></entry>
<entry colname="col2"><p>text</p></entry>
<entry colname="col3"></entry>
<entry colname="col4"><p>For list partitioned tables, the list of values
assigned to this partition.</p></entry>
</row>
<row>
<entry colname="col1"><codeph>parreloptions</codeph></entry>
<entry colname="col2"><p>text</p></entry>
<entry colname="col3"></entry>
<entry colname="col4"><p>An array describing the storage characteristics
of the particular partition.</p></entry>
</row>
</tbody>
</tgroup>
</table>


</body>
</topic>

