<?xml version="1.0" encoding="UTF-8" ?>
<!DOCTYPE topic PUBLIC "-//OASIS//DTD DITA 1.1 Topic//EN"
  "http://docs.oasis-open.org/dita/v1.1/OS/dtd/topic.dtd">
<topic id="topic1" xml:lang="en">
<!-- generated by DCL filter dwhtm, Ver 4.1 m210 h293 -->
<title id="hb143896">pg_partition_encoding</title>
<body>
<p>The <codeph>pg_partition_encoding</codeph> system catalog table describes
the available column compression options for a partition template.</p>
<table id="hb177831">
<title>pg_catalog.pg_attribute_encoding</title>
<tgroup cols="5">
<colspec colnum="1" colname="col1" colwidth="93pt" />
<colspec colnum="2" colname="col2" colwidth="64pt" />
<colspec colnum="3" colname="col3" colwidth="85pt" />
<colspec colnum="4" colname="col4" colwidth="57pt" />
<colspec colnum="5" colname="col5" colwidth="147pt" />
<thead>
<row>
<entry colname="col1"><p>column</p></entry>
<entry colname="col2"><p>type</p></entry>
<entry colname="col3"><p>modifers</p></entry>
<entry colname="col4"><p>storage</p></entry>
<entry colname="col5"><p>description</p></entry>
</row>
</thead>
<tbody>
<row>
<entry colname="col1"><codeph>parencoid</codeph></entry>
<entry colname="col2"><p>oid</p></entry>
<entry colname="col3"><p>not null</p></entry>
<entry colname="col4"><p>plain</p></entry>
<entry colname="col5"></entry>
</row>
<row>
<entry colname="col1"><codeph>parencattnum</codeph></entry>
<entry colname="col2"><p>snallint</p></entry>
<entry colname="col3"><p>not null</p></entry>
<entry colname="col4"><p>plain</p></entry>
<entry colname="col5"></entry>
</row>
<row>
<entry colname="col1"><codeph>parencattoptions</codeph></entry>
<entry colname="col2"><p>text [ ]</p></entry>
<entry colname="col3"></entry>
<entry colname="col4"><p>extended</p></entry>
<entry colname="col5"></entry>
</row>
</tbody>
</tgroup>
</table>


</body>
</topic>

