<?xml version="1.0" encoding="UTF-8" ?>
<!DOCTYPE topic PUBLIC "-//OASIS//DTD DITA 1.1 Topic//EN"
  "http://docs.oasis-open.org/dita/v1.1/OS/dtd/topic.dtd">
<topic id="topic1" xml:lang="en">
<!-- generated by DCL filter dwhtm, Ver 4.1 m210 h293 -->
<title id="hf141670">pg_pltemplate</title>
<body>
<p>The <codeph>pg_pltemplate</codeph> system catalog table stores template
information for procedural languages. A template for a language allows
the language to be created in a particular database by a simple <codeph>CREATE
LANGUAGE</codeph> command, with no need to specify implementation details.
Unlike most system catalogs, <codeph>pg_pltemplate</codeph> is shared
across all databases of Greenplum system: there is only one copy of <codeph>pg_pltemplate</codeph>
per system, not one per database. This allows the information to be accessible
in each database as it is needed. </p>
<p>There are not currently any commands that manipulate procedural language
templates; to change the built-in information, a superuser must modify
the table using ordinary <codeph>INSERT</codeph>, <codeph>DELETE</codeph>,
or <codeph>UPDATE</codeph> commands.</p>
<table id="hf150092">
<title>pg_catalog.pg_pltemplate</title>
<tgroup cols="4">
<colspec colnum="1" colname="col1" colwidth="131pt" />
<colspec colnum="2" colname="col2" colwidth="86pt" />
<colspec colnum="3" colname="col3" colwidth="85pt" />
<colspec colnum="4" colname="col4" colwidth="147pt" />
<thead>
<row>
<entry colname="col1"><p>column</p></entry>
<entry colname="col2"><p>type</p></entry>
<entry colname="col3"><p>references</p></entry>
<entry colname="col4"><p>description</p></entry>
</row>
</thead>
<tbody>
<row>
<entry colname="col1"><codeph>tmplname</codeph></entry>
<entry colname="col2"><p>name</p></entry>
<entry colname="col3"></entry>
<entry colname="col4"><p>Name of the language this template is for </p></entry>
</row>
<row>
<entry colname="col1"><codeph>tmpltrusted</codeph></entry>
<entry colname="col2"><p>boolean</p></entry>
<entry colname="col3"></entry>
<entry colname="col4"><p>True if language is considered trusted</p></entry>
</row>
<row>
<entry colname="col1"><codeph>tmplhandler</codeph></entry>
<entry colname="col2"><p>text</p></entry>
<entry colname="col3"></entry>
<entry colname="col4"><p>Name of call handler function</p></entry>
</row>
<row>
<entry colname="col1"><codeph>tmplvalidator </codeph></entry>
<entry colname="col2"><p>text</p></entry>
<entry colname="col3"></entry>
<entry colname="col4"><p>Name of validator function, or NULL if none</p></entry>
</row>
<row>
<entry colname="col1"><codeph>tmpllibrary</codeph></entry>
<entry colname="col2"><p>text</p></entry>
<entry colname="col3"></entry>
<entry colname="col4"><p>Path of shared library that implements language</p></entry>
</row>
<row>
<entry colname="col1"><codeph>tmplacl</codeph></entry>
<entry colname="col2"><p>aclitem[]</p></entry>
<entry colname="col3"></entry>
<entry colname="col4"><p>Access privileges for template (not yet implemented).</p></entry>
</row>
</tbody>
</tgroup>
</table>


</body>
</topic>

