<?xml version="1.0" encoding="UTF-8" ?>
<!DOCTYPE topic PUBLIC "-//OASIS//DTD DITA 1.1 Topic//EN"
  "http://docs.oasis-open.org/dita/v1.1/OS/dtd/topic.dtd">
<topic id="topic1" xml:lang="en">
<!-- generated by DCL filter dwhtm, Ver 4.1 m210 h293 -->
<title id="gz143896">pg_partition</title>
<body>
<p>The <codeph>pg_partition</codeph> system catalog table is used to track
partitioned tables and their inheritance level relationships. Each row
of <codeph>pg_partition</codeph> represents either the level of a partitioned
table in the partition hierarchy, or a subpartition template description.
The value of the attribute <codeph>paristemplate</codeph> determines
what a particular row represents.</p>
<table id="gz143898">
<title>pg_catalog.pg_partition</title>
<tgroup cols="4">
<colspec colnum="1" colname="col1" colwidth="131pt" />
<colspec colnum="2" colname="col2" colwidth="86pt" />
<colspec colnum="3" colname="col3" colwidth="85pt" />
<colspec colnum="4" colname="col4" colwidth="147pt" />
<thead>
<row>
<entry colname="col1"><p>column</p></entry>
<entry colname="col2"><p>type</p></entry>
<entry colname="col3"><p>references</p></entry>
<entry colname="col4"><p>description</p></entry>
</row>
</thead>
<tbody>
<row>
<entry colname="col1"><codeph>parrelid</codeph></entry>
<entry colname="col2"><p>oid</p></entry>
<entry colname="col3"><p><ph>pg_class.oid</ph></p></entry>
<entry colname="col4"><p>The object identifier of the table.</p></entry>
</row>
<row>
<entry colname="col1"><codeph>parkind</codeph></entry>
<entry colname="col2"><p>char</p></entry>
<entry colname="col3"></entry>
<entry colname="col4"><p>The partition type - R for range or L for list.</p></entry>
</row>
<row>
<entry colname="col1"><codeph>parlevel</codeph></entry>
<entry colname="col2"><p>smallint</p></entry>
<entry colname="col3"></entry>
<entry colname="col4"><p>The partition level of this row: 0 for the top-level
parent table, 1 for the first level under the parent table, 2 for the
second level, and so on.</p></entry>
</row>
<row>
<entry colname="col1"><codeph>paristemplate</codeph></entry>
<entry colname="col2"><p>boolean</p></entry>
<entry colname="col3"></entry>
<entry colname="col4"><p>Whether or not this row represents a subpartition
template definition (true) or an actual partitioning level (false).</p></entry>
</row>
<row>
<entry colname="col1"><codeph>parnatts</codeph></entry>
<entry colname="col2"><p>smallint</p></entry>
<entry colname="col3"><p><ph>pg_attribute.oid</ph></p></entry>
<entry colname="col4"><p>The number of attributes that define this level.</p></entry>
</row>
<row>
<entry colname="col1"><codeph>paratts</codeph></entry>
<entry colname="col2"><p>smallint()</p></entry>
<entry colname="col3"></entry>
<entry colname="col4"><p>An array of the attribute numbers (as in pg_attribute.attnum)
of the attributes that participate in defining this level.</p></entry>
</row>
<row>
<entry colname="col1"><codeph>parclass</codeph></entry>
<entry colname="col2"><p>oidvector</p></entry>
<entry colname="col3"><p><ph>pg_opclass.oid</ph></p></entry>
<entry colname="col4"><p>The operator class identifier(s) of the partition
columns.</p></entry>
</row>
</tbody>
</tgroup>
</table>


</body>
</topic>

