<?xml version="1.0" encoding="UTF-8" ?>
<!DOCTYPE topic PUBLIC "-//OASIS//DTD DITA 1.1 Topic//EN"
  "http://docs.oasis-open.org/dita/v1.1/OS/dtd/topic.dtd">
<topic id="topic1" xml:lang="en">
<!-- generated by DCL filter dwhtm, Ver 4.1 m210 h293 -->
<title id="hg141670">pg_proc</title>
<body>
<p>The <codeph>pg_proc</codeph> system catalog table stores information
about functions (or procedures), both built-in functions and those defined
by <codeph>CREATE FUNCTION</codeph>. The table contains data for aggregate
and window functions as well as plain functions. If <codeph>proisagg</codeph>
is true, there should be a matching row in <codeph>pg_aggregate</codeph>.
If <codeph>proiswin</codeph> is true, there should be a matching row
in <codeph>pg_window</codeph>.</p>
<p>For compiled functions, both built-in and dynamically loaded, <codeph>prosrc</codeph>
contains the function’s C-language name (link symbol). For all other
currently-known language types, <codeph>prosrc</codeph> contains the
function’s source text. <codeph>probin</codeph> is unused except for
dynamically-loaded C functions, for which it gives the name of the shared
library file containing the function.</p>
<table id="hg150092">
<title>pg_catalog.pg_proc</title>
<tgroup cols="4">
<colspec colnum="1" colname="col1" colwidth="131pt" />
<colspec colnum="2" colname="col2" colwidth="86pt" />
<colspec colnum="3" colname="col3" colwidth="85pt" />
<colspec colnum="4" colname="col4" colwidth="147pt" />
<thead>
<row>
<entry colname="col1"><p>column</p></entry>
<entry colname="col2"><p>type</p></entry>
<entry colname="col3"><p>references</p></entry>
<entry colname="col4"><p>description</p></entry>
</row>
</thead>
<tbody>
<row>
<entry colname="col1"><codeph>proname</codeph></entry>
<entry colname="col2"><p>name</p></entry>
<entry colname="col3"></entry>
<entry colname="col4"><p>Name of the function.</p></entry>
</row>
<row>
<entry colname="col1"><codeph>pronamespace</codeph></entry>
<entry colname="col2"><p>oid</p></entry>
<entry colname="col3"><p><ph>pg_namespace.oid</ph></p></entry>
<entry colname="col4"><p>The OID of the namespace that contains this
function.</p></entry>
</row>
<row>
<entry colname="col1"><codeph>proowner</codeph></entry>
<entry colname="col2"><p>oid</p></entry>
<entry colname="col3"><p><ph>pg_authid.oid</ph></p></entry>
<entry colname="col4"><p>Owner of the function.</p></entry>
</row>
<row>
<entry colname="col1"><codeph>prolang</codeph></entry>
<entry colname="col2"><p>oid</p></entry>
<entry colname="col3"><p><ph>pg_language.oid</ph></p></entry>
<entry colname="col4"><p>Implementation language or call interface of
this function.</p></entry>
</row>
<row>
<entry colname="col1"><codeph>proisagg</codeph></entry>
<entry colname="col2"><p>boolean</p></entry>
<entry colname="col3"></entry>
<entry colname="col4"><p>Function is an aggregate function.</p></entry>
</row>
<row>
<entry colname="col1"><codeph>prosecdef</codeph></entry>
<entry colname="col2"><p>boolean</p></entry>
<entry colname="col3"></entry>
<entry colname="col4"><p>Function is a security definer (for example,
a ‘setuid’ function).</p></entry>
</row>
<row>
<entry colname="col1"><codeph>proisstrict</codeph></entry>
<entry colname="col2"><p>boolean</p></entry>
<entry colname="col3"></entry>
<entry colname="col4"><p>Function returns NULL if any call argument is
NULL. In that case the function will not actually be called at all. Functions
that are not strict must be prepared to handle NULL inputs.</p></entry>
</row>
<row>
<entry colname="col1"><codeph>proretset</codeph></entry>
<entry colname="col2"><p>boolean</p></entry>
<entry colname="col3"></entry>
<entry colname="col4"><p>Function returns a set (multiple values of the
specified data type).</p></entry>
</row>
<row>
<entry colname="col1"><codeph>provolatile</codeph></entry>
<entry colname="col2"><p>char</p></entry>
<entry colname="col3"></entry>
<entry colname="col4"><p>Tells whether the function’s result depends
only on its input arguments, or is affected by outside factors. <codeph>i</codeph>
= <i>immutable</i> (always delivers the same result for the same inputs),
<codeph>s</codeph> = <i>stable</i> (results (for fixed inputs) do not
change within a scan), or <codeph>v</codeph> = <i>volatile</i> (results
may change at any time or functions with side-effects). </p></entry>
</row>
<row>
<entry colname="col1"><codeph>pronargs</codeph></entry>
<entry colname="col2"><p>int2</p></entry>
<entry colname="col3"></entry>
<entry colname="col4"><p>Number of arguments.</p></entry>
</row>
<row>
<entry colname="col1"><codeph>prorettype</codeph></entry>
<entry colname="col2"><p>oid</p></entry>
<entry colname="col3"><p><ph>pg_type.oid</ph></p></entry>
<entry colname="col4"><p>Data type of the return value.</p></entry>
</row>
<row>
<entry colname="col1"><codeph>proiswin</codeph></entry>
<entry colname="col2"><p>boolean</p></entry>
<entry colname="col3"></entry>
<entry colname="col4"><p>Function is neither an aggregate nor a scalar
function, but a pure window function.</p></entry>
</row>
<row>
<entry colname="col1"><codeph>proargtypes</codeph></entry>
<entry colname="col2"><p>oidvector</p></entry>
<entry colname="col3"><p><ph>pg_type.oid</ph></p></entry>
<entry colname="col4"><p>An array with the data types of the function
arguments. This includes only input arguments (including <codeph>INOUT</codeph>
arguments), and thus represents the call signature of the function.</p></entry>
</row>
<row>
<entry colname="col1"><codeph>proallargtypes</codeph></entry>
<entry colname="col2"><p>oid[]</p></entry>
<entry colname="col3"><p><ph>pg_type.oid</ph></p></entry>
<entry colname="col4"><p>An array with the data types of the function
arguments. This includes all arguments (including <codeph>OUT</codeph>
and <codeph>INOUT</codeph> arguments); however, if all the arguments
are <codeph>IN</codeph> arguments, this field will be null. Note that
subscripting is 1-based, whereas for historical reasons <ph>proargtypes</ph>
is subscripted from 0.</p></entry>
</row>
<row>
<entry colname="col1"><codeph>proargmodes</codeph></entry>
<entry colname="col2"><p>char[]</p></entry>
<entry colname="col3"></entry>
<entry colname="col4"><p>An array with the modes of the function arguments:
<codeph>i</codeph> = <codeph>IN</codeph>, <codeph>o</codeph> = <codeph>OUT</codeph>
, <codeph>b</codeph> = <codeph>INOUT</codeph>. If all the arguments are
IN arguments, this field will be null. Note that subscripts correspond
to positions of <ph>proallargtypes</ph> not <ph>proargtypes</ph>.</p></entry>
</row>
<row>
<entry colname="col1"><codeph>proargnames</codeph></entry>
<entry colname="col2"><p> text[] </p></entry>
<entry colname="col3"></entry>
<entry colname="col4"><p>An array with the names of the function arguments.
Arguments without a name are set to empty strings in the array. If none
of the arguments have a name, this field will be null. Note that subscripts
correspond to positions of <ph>proallargtypes</ph> not <ph>proargtypes</ph>.</p></entry>
</row>
<row>
<entry colname="col1"><codeph>prosrc </codeph></entry>
<entry colname="col2"><p>text</p></entry>
<entry colname="col3"></entry>
<entry colname="col4"><p>This tells the function handler how to invoke
the function. It might be the actual source code of the function for
interpreted languages, a link symbol, a file name, or just about anything
else, depending on the implementation language/call convention.</p></entry>
</row>
<row>
<entry colname="col1"><codeph>probin</codeph></entry>
<entry colname="col2"><p>bytea</p></entry>
<entry colname="col3"></entry>
<entry colname="col4"><p>Additional information about how to invoke the
function. Again, the interpretation is language-specific.</p></entry>
</row>
<row>
<entry colname="col1"><codeph>proacl</codeph></entry>
<entry colname="col2"><p>aclitem[]</p></entry>
<entry colname="col3"></entry>
<entry colname="col4"><p>Access privileges for the function as given
by <codeph>GRANT</codeph>/<codeph>REVOKE</codeph>.</p></entry>
</row>
</tbody>
</tgroup>
</table>


</body>
</topic>

