<?xml version="1.0" encoding="UTF-8" ?>
<!DOCTYPE topic PUBLIC "-//OASIS//DTD DITA 1.1 Topic//EN"
  "http://docs.oasis-open.org/dita/v1.1/OS/dtd/topic.dtd">
<topic id="topic1" xml:lang="en">
<!-- generated by DCL filter dwhtm, Ver 4.1 m210 h293 -->
<title id="ha143896">pg_partition_columns</title>
<body>
<p>The <codeph>pg_partition_columns</codeph> system view is used to show
the partition key columns of a partitioned table.</p>
<table id="ha179967">
<title>pg_catalog.pg_partition_columns</title>
<tgroup cols="4">
<colspec colnum="1" colname="col1" colwidth="131pt" />
<colspec colnum="2" colname="col2" colwidth="86pt" />
<colspec colnum="3" colname="col3" colwidth="85pt" />
<colspec colnum="4" colname="col4" colwidth="147pt" />
<thead>
<row>
<entry colname="col1"><p>column</p></entry>
<entry colname="col2"><p>type</p></entry>
<entry colname="col3"><p>references</p></entry>
<entry colname="col4"><p>description</p></entry>
</row>
</thead>
<tbody>
<row>
<entry colname="col1"><codeph>schemaname</codeph></entry>
<entry colname="col2"><p>name</p></entry>
<entry colname="col3"></entry>
<entry colname="col4"><p>The name of the schema the partitioned table
is in.</p></entry>
</row>
<row>
<entry colname="col1"><codeph>tablename</codeph></entry>
<entry colname="col2"><p>name</p></entry>
<entry colname="col3"></entry>
<entry colname="col4"><p>The table name of the top-level parent table.</p></entry>
</row>
<row>
<entry colname="col1"><codeph>columnname</codeph></entry>
<entry colname="col2"><p>name</p></entry>
<entry colname="col3"></entry>
<entry colname="col4"><p>The name of the partition key column.</p></entry>
</row>
<row>
<entry colname="col1"><codeph>partitionlevel</codeph></entry>
<entry colname="col2"><p>smallint</p></entry>
<entry colname="col3"></entry>
<entry colname="col4"><p>The level of this subpartition in the hierarchy.</p></entry>
</row>
<row>
<entry colname="col1"><codeph>position_in_partition_key</codeph></entry>
<entry colname="col2"><p>integer</p></entry>
<entry colname="col3"></entry>
<entry colname="col4"><p>For list partitions you can have a composite
(multi-column) partition key. This shows the position of the column in
a composite key.</p></entry>
</row>
</tbody>
</tgroup>
</table>


</body>
</topic>

