<?xml version="1.0" encoding="UTF-8" ?>
<!DOCTYPE topic PUBLIC "-//OASIS//DTD DITA 1.1 Topic//EN"
  "http://docs.oasis-open.org/dita/v1.1/OS/dtd/topic.dtd">
<topic id="topic1" xml:lang="en">
<!-- generated by DCL filter dwhtm, Ver 4.1 m210 h293 -->
<title id="he143896">pg_partitions</title>
<body>
<p>The <codeph>pg_partitions</codeph> system view is used to show the structure
of a partitioned table.</p>
<table id="he143898">
<title>pg_catalog.pg_partitions</title>
<tgroup cols="4">
<colspec colnum="1" colname="col1" colwidth="131pt" />
<colspec colnum="2" colname="col2" colwidth="86pt" />
<colspec colnum="3" colname="col3" colwidth="85pt" />
<colspec colnum="4" colname="col4" colwidth="147pt" />
<thead>
<row>
<entry colname="col1"><p>column</p></entry>
<entry colname="col2"><p>type</p></entry>
<entry colname="col3"><p>references</p></entry>
<entry colname="col4"><p>description</p></entry>
</row>
</thead>
<tbody>
<row>
<entry colname="col1"><codeph>schemaname</codeph></entry>
<entry colname="col2"><p>name</p></entry>
<entry colname="col3"></entry>
<entry colname="col4"><p>The name of the schema the partitioned table
is in.</p></entry>
</row>
<row>
<entry colname="col1"><codeph>tablename</codeph></entry>
<entry colname="col2"><p>name</p></entry>
<entry colname="col3"></entry>
<entry colname="col4"><p>The name of the top-level parent table.</p></entry>
</row>
<row>
<entry colname="col1"><codeph>partitiontablename</codeph></entry>
<entry colname="col2"><p>name</p></entry>
<entry colname="col3"></entry>
<entry colname="col4"><p>The relation name of the partitioned table (this
is the table name to use if accessing the partition directly).</p></entry>
</row>
<row>
<entry colname="col1"><codeph>partitionname</codeph></entry>
<entry colname="col2"><p>name</p></entry>
<entry colname="col3"></entry>
<entry colname="col4"><p>The name of the partition (this is the name
to use if referring to the partition in an <codeph>ALTER TABLE</codeph>
command). <codeph>NULL</codeph> if the partition was not given a name
at create time or generated by an <codeph>EVERY</codeph> clause.</p></entry>
</row>
<row>
<entry colname="col1"><codeph>parentpartitiontablename</codeph></entry>
<entry colname="col2"><p>name</p></entry>
<entry colname="col3"></entry>
<entry colname="col4"><p>The relation name of the parent table one level
up from this partition.</p></entry>
</row>
<row>
<entry colname="col1"><codeph>parentpartitionname</codeph></entry>
<entry colname="col2"><p>name</p></entry>
<entry colname="col3"></entry>
<entry colname="col4"><p>The given name of the parent table one level
up from this partition.</p></entry>
</row>
<row>
<entry colname="col1"><codeph>partitiontype</codeph></entry>
<entry colname="col2"><p>text</p></entry>
<entry colname="col3"></entry>
<entry colname="col4"><p>The type of partition (range or list).</p></entry>
</row>
<row>
<entry colname="col1"><codeph>partitionlevel</codeph></entry>
<entry colname="col2"><p>smallint</p></entry>
<entry colname="col3"></entry>
<entry colname="col4"><p>The level of this partition in the hierarchy.</p></entry>
</row>
<row>
<entry colname="col1"><codeph>partitionrank</codeph></entry>
<entry colname="col2"><p>bigint</p></entry>
<entry colname="col3"></entry>
<entry colname="col4"><p>For range partitions, the rank of the partition
compared to other partitions of the same level.</p></entry>
</row>
<row>
<entry colname="col1"><codeph>partitionposition</codeph></entry>
<entry colname="col2"><p>smallint</p></entry>
<entry colname="col3"></entry>
<entry colname="col4"><p>The rule order position of this partition.</p></entry>
</row>
<row>
<entry colname="col1"><codeph>partitionlistvalues</codeph></entry>
<entry colname="col2"><p>text</p></entry>
<entry colname="col3"></entry>
<entry colname="col4"><p>For list partitions, the list value(s) associated
with this partition.</p></entry>
</row>
<row>
<entry colname="col1"><codeph>partitionrangestart</codeph></entry>
<entry colname="col2"><p>text</p></entry>
<entry colname="col3"></entry>
<entry colname="col4"><p>For range partitions, the start value of this
partition.</p></entry>
</row>
<row>
<entry colname="col1"><codeph>partitionstartinclusive</codeph></entry>
<entry colname="col2"><p>boolean</p></entry>
<entry colname="col3"></entry>
<entry colname="col4"><p><codeph>T</codeph> if the start value is included
in this partition. <codeph>F</codeph> if it is excluded.</p></entry>
</row>
<row>
<entry colname="col1"><codeph>partitionrangeend</codeph></entry>
<entry colname="col2"><p>text</p></entry>
<entry colname="col3"></entry>
<entry colname="col4"><p>For range partitions, the end value of this
partition.</p></entry>
</row>
<row>
<entry colname="col1"><codeph>partitionendinclusive</codeph></entry>
<entry colname="col2"><p>boolean</p></entry>
<entry colname="col3"></entry>
<entry colname="col4"><p><codeph>T</codeph> if the end value is included
in this partition. <codeph>F</codeph> if it is excluded.</p></entry>
</row>
<row>
<entry colname="col1"><codeph>partitioneveryclause</codeph></entry>
<entry colname="col2"><p>text</p></entry>
<entry colname="col3"></entry>
<entry colname="col4"><p>The <codeph>EVERY</codeph> clause (interval)
of this partition.</p></entry>
</row>
<row>
<entry colname="col1"><codeph>partitionisdefault</codeph></entry>
<entry colname="col2"><p>boolean</p></entry>
<entry colname="col3"></entry>
<entry colname="col4"><p><codeph>T</codeph> if this is a default partition,
otherwise <codeph>F</codeph>.</p></entry>
</row>
<row>
<entry colname="col1"><codeph>partitionboundary</codeph></entry>
<entry colname="col2"><p>text</p></entry>
<entry colname="col3"></entry>
<entry colname="col4"><p>The entire partition specification for this
partition.</p></entry>
</row>
</tbody>
</tgroup>
</table>


</body>
</topic>

