<?xml version="1.0" encoding="UTF-8" ?>
<!DOCTYPE topic PUBLIC "-//OASIS//DTD DITA 1.1 Topic//EN"
  "http://docs.oasis-open.org/dita/v1.1/OS/dtd/topic.dtd">
<topic id="topic1" xml:lang="en">
<!-- generated by DCL filter dwhtm, Ver 4.1 m210 h293 -->
<title id="hm149825">pg_rewrite</title>
<body>
<p>The <codeph>pg_rewrite</codeph> system catalog table stores rewrite
rules for tables and views. <codeph>pg_class.relhasrules</codeph> must
be true if a table has any rules in this catalog.</p>
<table id="hm149830">
<title>pg_catalog.pg_rewrite</title>
<tgroup cols="4">
<colspec colnum="1" colname="col1" colwidth="131pt" />
<colspec colnum="2" colname="col2" colwidth="86pt" />
<colspec colnum="3" colname="col3" colwidth="85pt" />
<colspec colnum="4" colname="col4" colwidth="147pt" />
<thead>
<row>
<entry colname="col1"><p>column</p></entry>
<entry colname="col2"><p>type</p></entry>
<entry colname="col3"><p>references</p></entry>
<entry colname="col4"><p>description</p></entry>
</row>
</thead>
<tbody>
<row>
<entry colname="col1"><codeph>rulename</codeph></entry>
<entry colname="col2"><p>name</p></entry>
<entry colname="col3"></entry>
<entry colname="col4"><p>Rule name.</p></entry>
</row>
<row>
<entry colname="col1"><codeph>ev_class</codeph></entry>
<entry colname="col2"><p>oid</p></entry>
<entry colname="col3"><p><ph>pg_class.oid</ph></p></entry>
<entry colname="col4"><p>The table this rule is for.</p></entry>
</row>
<row>
<entry colname="col1"><codeph>ev_attr</codeph></entry>
<entry colname="col2"><p>int2</p></entry>
<entry colname="col3"></entry>
<entry colname="col4"><p>The column this rule is for (currently, always
zero to indicate the whole table).</p></entry>
</row>
<row>
<entry colname="col1"><codeph>ev_type </codeph></entry>
<entry colname="col2"><p>char</p></entry>
<entry colname="col3"></entry>
<entry colname="col4"><p>Event type that the rule is for: 1 = SELECT,
2 = UPDATE, 3 = INSERT, 4 = DELETE.</p></entry>
</row>
<row>
<entry colname="col1"><codeph>is_instead</codeph></entry>
<entry colname="col2"><p>boolean</p></entry>
<entry colname="col3"></entry>
<entry colname="col4"><p>True if the rule is an INSTEAD rule.</p></entry>
</row>
<row>
<entry colname="col1"><codeph>ev_qual</codeph></entry>
<entry colname="col2"><p>text</p></entry>
<entry colname="col3"></entry>
<entry colname="col4"><p>Expression tree (in the form of a <codeph>nodeToString()</codeph>
representation) for the rule’s qualifying condition.</p></entry>
</row>
<row>
<entry colname="col1"><codeph>ev_action</codeph></entry>
<entry colname="col2"><p>text</p></entry>
<entry colname="col3"></entry>
<entry colname="col4"><p>Query tree (in the form of a <codeph>nodeToString()</codeph>
representation) for the rule’s action.</p></entry>
</row>
</tbody>
</tgroup>
</table>


</body>
</topic>

