<?xml version="1.0" encoding="UTF-8" ?>
<!DOCTYPE topic PUBLIC "-//OASIS//DTD DITA 1.1 Topic//EN"
  "http://docs.oasis-open.org/dita/v1.1/OS/dtd/topic.dtd">
<topic id="topic1" xml:lang="en">
<!-- generated by DCL filter dwhtm, Ver 4.1 m210 h293 -->
<title id="hj141670">pg_resqueue_attributes<ph outputclass="phindex"><indexterm>pg_resqueue_attributes
</indexterm><indexterm>system catalogs
<indexterm>pg_resqueue_attributes</indexterm>
</indexterm></ph></title>
<body>
<p>The <codeph>pg_resqueue_attributes</codeph> view allows administrators
to see the attributes set for a resource queue, such as its active statement
limit, query cost limits, and priority.</p>
<table id="hj141982">
<title>pg_catalog.pg_resqueue_attributes</title>
<tgroup cols="4">
<colspec colnum="1" colname="col1" colwidth="131pt" />
<colspec colnum="2" colname="col2" colwidth="66pt" />
<colspec colnum="3" colname="col3" colwidth="104pt" />
<colspec colnum="4" colname="col4" colwidth="147pt" />
<thead>
<row>
<entry colname="col1"><p>column</p></entry>
<entry colname="col2"><p>type</p></entry>
<entry colname="col3"><p>references</p></entry>
<entry colname="col4"><p>description</p></entry>
</row>
</thead>
<tbody>
<row>
<entry colname="col1"><codeph>rsqname</codeph></entry>
<entry colname="col2"><p>name</p></entry>
<entry colname="col3"><p><ph>pg_resqueue.rsqname</ph></p></entry>
<entry colname="col4"><p>The name of the resource queue.</p></entry>
</row>
<row>
<entry colname="col1"><codeph>resname</codeph></entry>
<entry colname="col2"><p>text</p></entry>
<entry colname="col3"></entry>
<entry colname="col4"><p>The name of the resource queue attribute.</p></entry>
</row>
<row>
<entry colname="col1"><codeph>ressetting</codeph></entry>
<entry colname="col2"><p>text</p></entry>
<entry colname="col3"></entry>
<entry colname="col4"><p>The current value of a resource queue attribute.</p></entry>
</row>
<row>
<entry colname="col1"><codeph>restypid</codeph></entry>
<entry colname="col2"><p>integer</p></entry>
<entry colname="col3"></entry>
<entry colname="col4"><p>System assigned resource type id.</p></entry>
</row>
</tbody>
</tgroup>
</table>


</body>
</topic>

