<?xml version="1.0" encoding="UTF-8" ?>
<!DOCTYPE topic PUBLIC "-//OASIS//DTD DITA 1.1 Topic//EN"
  "http://docs.oasis-open.org/dita/v1.1/OS/dtd/topic.dtd">
<topic id="topic1" xml:lang="en">
<!-- generated by DCL filter dwhtm, Ver 4.1 m210 h293 -->
<title id="hn141670">pg_roles</title>
<body>
<p>The view <codeph>pg_roles</codeph> provides access to information about
database roles. This is simply a publicly readable view of <codeph>pg_authid</codeph>
that blanks out the password field. This view explicitly exposes the
OID column of the underlying table, since that is needed to do joins
to other catalogs.</p>
<table id="hn141982">
<title>pg_catalog.pg_roles</title>
<tgroup cols="4">
<colspec colnum="1" colname="col1" colwidth="131pt" />
<colspec colnum="2" colname="col2" colwidth="86pt" />
<colspec colnum="3" colname="col3" colwidth="85pt" />
<colspec colnum="4" colname="col4" colwidth="147pt" />
<thead>
<row>
<entry colname="col1"><p>column</p></entry>
<entry colname="col2"><p>type</p></entry>
<entry colname="col3"><p>references</p></entry>
<entry colname="col4"><p>description</p></entry>
</row>
</thead>
<tbody>
<row>
<entry colname="col1"><codeph>rolname</codeph></entry>
<entry colname="col2"><p>name</p></entry>
<entry colname="col3"></entry>
<entry colname="col4"><p>Role name</p></entry>
</row>
<row>
<entry colname="col1"><codeph>rolsuper</codeph></entry>
<entry colname="col2"><p>bool </p></entry>
<entry colname="col3"></entry>
<entry colname="col4"><p>Role has superuser privileges</p></entry>
</row>
<row>
<entry colname="col1"><codeph>rolinherit</codeph></entry>
<entry colname="col2"><p>bool</p></entry>
<entry colname="col3"></entry>
<entry colname="col4"><p>Role automatically inherits privileges of roles
it is a member of</p></entry>
</row>
<row>
<entry colname="col1"><codeph>rolcreaterole</codeph></entry>
<entry colname="col2"><p>bool </p></entry>
<entry colname="col3"></entry>
<entry colname="col4"><p>Role may create more roles</p></entry>
</row>
<row>
<entry colname="col1"><codeph>rolcreatedb</codeph></entry>
<entry colname="col2"><p>bool </p></entry>
<entry colname="col3"></entry>
<entry colname="col4"><p>Role may create databases</p></entry>
</row>
<row>
<entry colname="col1"><codeph>rolcatupdate</codeph></entry>
<entry colname="col2"><p>bool</p></entry>
<entry colname="col3"></entry>
<entry colname="col4"><p>Role may update system catalogs directly. (Even
a superuser may not do this unless this column is true.)</p></entry>
</row>
<row>
<entry colname="col1"><codeph>rolcanlogin</codeph></entry>
<entry colname="col2"><p>bool</p></entry>
<entry colname="col3"></entry>
<entry colname="col4"><p>Role may log in. That is, this role can be given
as the initial session authorization identifier</p></entry>
</row>
<row>
<entry colname="col1"><codeph>rolconnlimit</codeph></entry>
<entry colname="col2"><p>int4</p></entry>
<entry colname="col3"></entry>
<entry colname="col4"><p>For roles that can log in, this sets maximum
number of concurrent connections this role can make. -1 means no limit
</p></entry>
</row>
<row>
<entry colname="col1"><codeph>rolpassword</codeph></entry>
<entry colname="col2"><p>text</p></entry>
<entry colname="col3"></entry>
<entry colname="col4"><p>Not the password (always reads as ********)</p></entry>
</row>
<row>
<entry colname="col1"><codeph>rolvaliduntil </codeph></entry>
<entry colname="col2"><p>timestamptz</p></entry>
<entry colname="col3"></entry>
<entry colname="col4"><p>Password expiry time (only used for password
authentication); NULL if no expiration</p></entry>
</row>
<row>
<entry colname="col1"><codeph>rolconfig </codeph></entry>
<entry colname="col2"><p>text[]</p></entry>
<entry colname="col3"></entry>
<entry colname="col4"><p>Session defaults for run-time configuration
variables</p></entry>
</row>
<row>
<entry colname="col1"><codeph> rolresqueue</codeph></entry>
<entry colname="col2"><p>oid</p></entry>
<entry colname="col3"><p><ph>pg_resqueue.oid</ph></p></entry>
<entry colname="col4"><p>Object ID of the resource queue this role is
assigned to.</p></entry>
</row>
<row>
<entry colname="col1"><codeph>oid</codeph></entry>
<entry colname="col2"><p>oid</p></entry>
<entry colname="col3"><p><ph>pg_authid.oid</ph></p></entry>
<entry colname="col4"><p> Object ID of role</p></entry>
</row>
<row>
<entry colname="col1"><codeph>rolcreaterextgpfd</codeph></entry>
<entry colname="col2"><p>bool</p></entry>
<entry colname="col3"></entry>
<entry colname="col4"><p>Role may create readable external tables that
use the gpfdist protocol.</p></entry>
</row>
<row>
<entry colname="col1"><codeph>rolcreaterexthttp</codeph></entry>
<entry colname="col2"><p>bool</p></entry>
<entry colname="col3"></entry>
<entry colname="col4"><p>Role may create readable external tables that
use the gpfdist protocol.</p></entry>
</row>
<row>
<entry colname="col1"><codeph>rolcreatewextgpfd</codeph></entry>
<entry colname="col2"><p>bool</p></entry>
<entry colname="col3"></entry>
<entry colname="col4"><p>Role may create writable external tables that
use the gpfdist protocol.</p></entry>
</row>
</tbody>
</tgroup>
</table>


</body>
</topic>

