<?xml version="1.0" encoding="UTF-8" ?>
<!DOCTYPE topic PUBLIC "-//OASIS//DTD DITA 1.1 Topic//EN"
  "http://docs.oasis-open.org/dita/v1.1/OS/dtd/topic.dtd">
<topic id="topic1" xml:lang="en">
<!-- generated by DCL filter dwhtm, Ver 4.1 m210 h293 -->
<title id="hk141670">pg_resqueuecapability<ph outputclass="phindex"><indexterm>pg_resqueuecapability
</indexterm><indexterm>system catalogs
<indexterm>pg_resqueuecapability</indexterm>
</indexterm></ph></title>
<body>
<p>The <codeph>pg_resqueuecapability</codeph> system catalog table contains
information about the extended attributes, or capabilities, of existing
Greenplum Database resource queues. Only resource queues that have been
assigned an extended capability, such as a priority setting, are recorded
in this table. This table is joined to the <xref
 href="pg_resqueue.xml#topic1" type="topic" format="xml"></xref>
table by resource queue object ID, and to the <xref
 href="pg_resourcetype.xml#topic1" type="topic" format="xml"></xref>
table by resource type ID (<codeph>restypid</codeph>).</p>
<p>This table is populated only on the master. This table is defined
in the <codeph>pg_global</codeph> tablespace, meaning it is globally
shared across all databases in the system.</p>
<table id="hk141982">
<title>pg_catalog.pg_resqueuecapability</title>
<tgroup cols="4">
<colspec colnum="1" colname="col1" colwidth="131pt" />
<colspec colnum="2" colname="col2" colwidth="86pt" />
<colspec colnum="3" colname="col3" colwidth="85pt" />
<colspec colnum="4" colname="col4" colwidth="147pt" />
<thead>
<row>
<entry colname="col1"><p>column</p></entry>
<entry colname="col2"><p>type</p></entry>
<entry colname="col3"><p>references</p></entry>
<entry colname="col4"><p>description</p></entry>
</row>
</thead>
<tbody>
<row>
<entry colname="col1"><codeph>rsqueueid</codeph></entry>
<entry colname="col2"><p>oid</p></entry>
<entry colname="col3"><codeph>pg_resqueue.oid</codeph></entry>
<entry colname="col4"><p>The object ID of the associated resource queue.</p></entry>
</row>
<row>
<entry colname="col1"><codeph>restypid </codeph></entry>
<entry colname="col2"><p>smallint</p></entry>
<entry colname="col3"><codeph>pg_resourcetype.restypeid</codeph></entry>
<entry colname="col4"><p>The resource type, derived from the <xref
 href="pg_resourcetype.xml#topic1" type="topic" format="xml"></xref>
system table.</p></entry>
</row>
<row>
<entry colname="col1"><codeph>ressetting</codeph></entry>
<entry colname="col2"><p>opaque type</p></entry>
<entry colname="col3"></entry>
<entry colname="col4"><p>The specific value set for the capability referenced
in this record. Depending on the actual resource type, this value may
have different data types. </p></entry>
</row>
</tbody>
</tgroup>
</table>


</body>
</topic>

