<?xml version="1.0" encoding="UTF-8" ?>
<!DOCTYPE topic PUBLIC "-//OASIS//DTD DITA 1.1 Topic//EN"
  "http://docs.oasis-open.org/dita/v1.1/OS/dtd/topic.dtd">
<topic id="topic1" xml:lang="en">
<!-- generated by DCL filter dwhtm, Ver 4.1 m210 h293 -->
<title id="hw141670">pg_stat_resqueues</title>
<body>
<p>The <codeph>pg_stat_resqueues</codeph> view allows administrators to
view metrics about a resource queue’s workload over time. To allow
statistics to be collected for this view, you must enable the <codeph>stats_queue_level</codeph>
server configuration parameter on the Greenplum Database master instance.
Enabling the collection of these metrics does incur a small performance
penalty, as each statement submitted through a resource queue must be
logged in the system catalog tables.</p>
<table id="hw141982">
<title>pg_catalog.pg_stat_resqueues</title>
<tgroup cols="4">
<colspec colnum="1" colname="col1" colwidth="131pt" />
<colspec colnum="2" colname="col2" colwidth="66pt" />
<colspec colnum="3" colname="col3" colwidth="104pt" />
<colspec colnum="4" colname="col4" colwidth="147pt" />
<thead>
<row>
<entry colname="col1"><p>column</p></entry>
<entry colname="col2"><p>type</p></entry>
<entry colname="col3"><p>references</p></entry>
<entry colname="col4"><p>description</p></entry>
</row>
</thead>
<tbody>
<row>
<entry colname="col1"><codeph>queueoid</codeph></entry>
<entry colname="col2"><p>oid</p></entry>
<entry colname="col3"></entry>
<entry colname="col4"><p>The OID of the resource queue.</p></entry>
</row>
<row>
<entry colname="col1"><codeph>queuename</codeph></entry>
<entry colname="col2"><p>name</p></entry>
<entry colname="col3"></entry>
<entry colname="col4"><p>The name of the resource queue.</p></entry>
</row>
<row>
<entry colname="col1"><codeph>n_queries_exec</codeph></entry>
<entry colname="col2"><p>bigint</p></entry>
<entry colname="col3"></entry>
<entry colname="col4"><p>Number of queries submitted for execution from
this resource queue.</p></entry>
</row>
<row>
<entry colname="col1"><codeph>n_queries_wait</codeph></entry>
<entry colname="col2"><p>bigint</p></entry>
<entry colname="col3"></entry>
<entry colname="col4"><p>Number of queries submitted to this resource
queue that had to wait before they could execute.</p></entry>
</row>
<row>
<entry colname="col1"><codeph>elapsed_exec</codeph></entry>
<entry colname="col2"><p>bigint</p></entry>
<entry colname="col3"></entry>
<entry colname="col4"><p>Total elapsed execution time for statements
submitted through this resource queue.</p></entry>
</row>
<row>
<entry colname="col1"><codeph>elapsed_wait</codeph></entry>
<entry colname="col2"><p>bigint</p></entry>
<entry colname="col3"></entry>
<entry colname="col4"><p>Total elapsed time that statements submitted
through this resource queue had to wait before they were executed.</p></entry>
</row>
</tbody>
</tgroup>
</table>


</body>
</topic>

