<?xml version="1.0" encoding="UTF-8" ?>
<!DOCTYPE topic PUBLIC "-//OASIS//DTD DITA 1.1 Topic//EN"
  "http://docs.oasis-open.org/dita/v1.1/OS/dtd/topic.dtd">
<topic id="topic1" xml:lang="en">
<!-- generated by DCL filter dwhtm, Ver 4.1 m210 h293 -->
<title id="op164582">pg_stat_replication</title>
<body>
<p>The pg_stat_replication view contains metadata of the <codeph>walsender</codeph>
process that is used for Greenplum Database master mirroring.</p>
<table id="op164584">
<title>pg_catalog.pg_stat_replication</title>
<tgroup cols="4">
<colspec colnum="1" colname="col1" colwidth="131pt" />
<colspec colnum="2" colname="col2" colwidth="100pt" />
<colspec colnum="3" colname="col3" colwidth="82pt" />
<colspec colnum="4" colname="col4" colwidth="136pt" />
<thead>
<row>
<entry colname="col1"><p>column</p></entry>
<entry colname="col2"><p>type</p></entry>
<entry colname="col3"><p>references</p></entry>
<entry colname="col4"><p>description</p></entry>
</row>
</thead>
<tbody>
<row>
<entry colname="col1"><codeph>procpid</codeph></entry>
<entry colname="col2"><p>integer</p></entry>
<entry colname="col3"></entry>
<entry colname="col4"><p>Process ID of WAL sender backend process. </p></entry>
</row>
<row>
<entry colname="col1"><codeph>usesysid</codeph></entry>
<entry colname="col2"><p>integer</p></entry>
<entry colname="col3"></entry>
<entry colname="col4"><p>User system ID that runs the WAL sender backend
process</p></entry>
</row>
<row>
<entry colname="col1"><codeph>usename</codeph></entry>
<entry colname="col2"><p>name</p></entry>
<entry colname="col3"></entry>
<entry colname="col4"><p>User name that runs WAL sender backend process.</p></entry>
</row>
<row>
<entry colname="col1"><codeph>application_name</codeph></entry>
<entry colname="col2"><p>oid</p></entry>
<entry colname="col3"></entry>
<entry colname="col4"><p>Client application name.</p></entry>
</row>
<row>
<entry colname="col1"><codeph>client_addr </codeph></entry>
<entry colname="col2"><p>name</p></entry>
<entry colname="col3"></entry>
<entry colname="col4"><p>Client IP address.</p></entry>
</row>
<row>
<entry colname="col1"><codeph>client_port </codeph></entry>
<entry colname="col2"><p>integer</p></entry>
<entry colname="col3"></entry>
<entry colname="col4"><p>Client port number.</p></entry>
</row>
<row>
<entry colname="col1"><codeph>backend_start </codeph></entry>
<entry colname="col2"><p>timestamp </p></entry>
<entry colname="col3"></entry>
<entry colname="col4"><p>Operation start timestamp. </p></entry>
</row>
<row>
<entry colname="col1"><codeph>state</codeph></entry>
<entry colname="col2"><p>text</p></entry>
<entry colname="col3"></entry>
<entry colname="col4"><p>WAL sender state. The value can be:</p><p>startup backup catchup streaming</p></entry>
</row>
<row>
<entry colname="col1"><codeph>sent_location</codeph></entry>
<entry colname="col2"><p>text</p></entry>
<entry colname="col3"></entry>
<entry colname="col4"><p>WAL sender xlog record sent location.</p></entry>
</row>
<row>
<entry colname="col1"><codeph>write_location</codeph></entry>
<entry colname="col2"><p>text</p></entry>
<entry colname="col3"></entry>
<entry colname="col4"><p>WAL receiver xlog record write location.</p></entry>
</row>
<row>
<entry colname="col1"><codeph>flush_location</codeph></entry>
<entry colname="col2"><p>text</p></entry>
<entry colname="col3"></entry>
<entry colname="col4"><p>WAL receiver xlog record flush location.</p></entry>
</row>
<row>
<entry colname="col1"><codeph>replay_location</codeph></entry>
<entry colname="col2"><p>text</p></entry>
<entry colname="col3"></entry>
<entry colname="col4"><p>Standby xlog record replay location.</p></entry>
</row>
<row>
<entry colname="col1"><codeph>sync_priority</codeph></entry>
<entry colname="col2"><p>text</p></entry>
<entry colname="col3"></entry>
<entry colname="col4"><p>Priorty. the value is 1.</p></entry>
</row>
<row>
<entry colname="col1"><codeph>sync_state</codeph></entry>
<entry colname="col2"><p>text</p></entry>
<entry colname="col3"></entry>
<entry colname="col4"><p>WAL sender syncronization state. The value is
sync.</p></entry>
</row>
</tbody>
</tgroup>
</table>


</body>
</topic>

