<?xml version="1.0" encoding="UTF-8" ?>
<!DOCTYPE topic PUBLIC "-//OASIS//DTD DITA 1.1 Topic//EN"
  "http://docs.oasis-open.org/dita/v1.1/OS/dtd/topic.dtd">
<topic id="topic1" xml:lang="en">
<!-- generated by DCL filter dwhtm, Ver 4.1 m210 h293 -->
<title id="ho143896">pg_shdepend</title>
<body>
<p>The <codeph>pg_shdepend</codeph> system catalog table records the dependency
relationships between database objects and shared objects, such as roles.
This information allows Greenplum Database to ensure that those objects
are unreferenced before attempting to delete them. See also <codeph>pg_depend</codeph>,
which performs a similar function for dependencies involving objects
within a single database. Unlike most system catalogs, <codeph>pg_shdepend</codeph>
is shared across all databases of Greenplum system: there is only one
copy of <codeph>pg_shdepend</codeph> per system, not one per database.</p>
<p>In all cases, a <codeph>pg_shdepend</codeph> entry indicates that
the referenced object may not be dropped without also dropping the dependent
object. However, there are several subflavors identified by <codeph>deptype</codeph>:
</p>
<ul>
<li id="ho156091">
<p><b>SHARED_DEPENDENCY_OWNER (o)</b> — The referenced object (which
must be a role) is the owner of the dependent object.</p>
</li>
<li id="ho156094">
<p><b>SHARED_DEPENDENCY_ACL (a)</b> — The referenced object (which must
be a role) is mentioned in the ACL (access control list) of the dependent
object.</p>
</li>
<li id="ho156097">
<p><b>SHARED_DEPENDENCY_PIN (p)</b> — There is no dependent object; this
type of entry is a signal that the system itself depends on the referenced
object, and so that object must never be deleted. Entries of this type
are created only by system initialization. The columns for the dependent
object contain zeroes.</p>
<table id="ho143898">
<title>pg_catalog.pg_shdepend</title>
<tgroup cols="4">
<colspec colnum="1" colname="col1" colwidth="131pt" />
<colspec colnum="2" colname="col2" colwidth="86pt" />
<colspec colnum="3" colname="col3" colwidth="85pt" />
<colspec colnum="4" colname="col4" colwidth="147pt" />
<thead>
<row>
<entry colname="col1"><p>column</p></entry>
<entry colname="col2"><p>type</p></entry>
<entry colname="col3"><p>references</p></entry>
<entry colname="col4"><p>description</p></entry>
</row>
</thead>
<tbody>
<row>
<entry colname="col1"><codeph>dbid</codeph></entry>
<entry colname="col2"><p>oid</p></entry>
<entry colname="col3"><p><ph>pg_database.oid</ph></p></entry>
<entry colname="col4"><p>The OID of the database the dependent object
is in, or zero for a shared object.</p></entry>
</row>
<row>
<entry colname="col1"><codeph>classid</codeph></entry>
<entry colname="col2"><p>oid</p></entry>
<entry colname="col3"><p><ph>pg_class.oid</ph></p></entry>
<entry colname="col4"><p>The OID of the system catalog the dependent
object is in.</p></entry>
</row>
<row>
<entry colname="col1"><codeph>objid</codeph></entry>
<entry colname="col2"><p>oid</p></entry>
<entry colname="col3"><p>any OID column</p></entry>
<entry colname="col4"><p> The OID of the specific dependent object.</p></entry>
</row>
<row>
<entry colname="col1"><codeph>objsubid </codeph></entry>
<entry colname="col2"><p>int4</p></entry>
<entry colname="col3"></entry>
<entry colname="col4"><p>For a table column, this is the column number.
For all other object types, this column is zero.</p></entry>
</row>
<row>
<entry colname="col1"><codeph>refclassid</codeph></entry>
<entry colname="col2"><p>oid</p></entry>
<entry colname="col3"><p><ph>pg_class.oid</ph></p></entry>
<entry colname="col4"><p>The OID of the system catalog the referenced
object is in (must be a shared catalog).</p></entry>
</row>
<row>
<entry colname="col1"><codeph>refobjid</codeph></entry>
<entry colname="col2"><p>oid</p></entry>
<entry colname="col3"><p>any OID column</p></entry>
<entry colname="col4"><p>The OID of the specific referenced object.</p></entry>
</row>
<row>
<entry colname="col1"><codeph>refobjsubid </codeph></entry>
<entry colname="col2"><p>int4</p></entry>
<entry colname="col3"></entry>
<entry colname="col4"><p>For a table column, this is the referenced column
number. For all other object types, this column is zero.</p></entry>
</row>
<row>
<entry colname="col1"><codeph>deptype</codeph></entry>
<entry colname="col2"><p>char</p></entry>
<entry colname="col3"></entry>
<entry colname="col4"><p>A code defining the specific semantics of this
dependency relationship.</p></entry>
</row>
</tbody>
</tgroup>
</table>


</li>
</ul>
</body>
</topic>

