<?xml version="1.0" encoding="UTF-8" ?>
<!DOCTYPE topic PUBLIC "-//OASIS//DTD DITA 1.1 Topic//EN"
  "http://docs.oasis-open.org/dita/v1.1/OS/dtd/topic.dtd">
<topic id="topic1" xml:lang="en">
<!-- generated by DCL filter dwhtm, Ver 4.1 m210 h293 -->
<title id="hv156255">pg_statistic</title>
<body>
<p>The <codeph>pg_statistic</codeph> system catalog table stores statistical
data about the contents of the database. Entries are created by <codeph>ANALYZE</codeph>
and subsequently used by the query planner. There is one entry for each
table column that has been analyzed. Note that all the statistical data
is inherently approximate, even assuming that it is up-to-date.</p>
<p><codeph>pg_statistic</codeph> also stores statistical data about the
values of index expressions. These are described as if they were actual
data columns; in particular, <codeph>starelid</codeph> references the
index. No entry is made for an ordinary non-expression index column,
however, since it would be redundant with the entry for the underlying
table column.</p>
<p>Since different kinds of statistics may be appropriate for different
kinds of data, <codeph>pg_statistic</codeph> is designed not to assume
very much about what sort of statistics it stores. Only extremely general
statistics (such as nullness) are given dedicated columns in <codeph>pg_statistic</codeph>.
Everything else is stored in slots, which are groups of associated columns
whose content is identified by a code number in one of the slot’s columns.</p>
<p><codeph>pg_statistic</codeph> should not be readable by the public,
since even statistical information about a table’s contents may be
considered sensitive (for example: minimum and maximum values of a salary
column). <codeph>pg_stats</codeph> is a publicly readable view on <codeph>pg_statistic</codeph>
that only exposes information about those tables that are readable by
the current user.</p>
<table id="hv156260">
<title>pg_catalog.pg_statistic</title>
<tgroup cols="4">
<colspec colnum="1" colname="col1" colwidth="131pt" />
<colspec colnum="2" colname="col2" colwidth="86pt" />
<colspec colnum="3" colname="col3" colwidth="85pt" />
<colspec colnum="4" colname="col4" colwidth="147pt" />
<thead>
<row>
<entry colname="col1"><p>column</p></entry>
<entry colname="col2"><p>type</p></entry>
<entry colname="col3"><p>references</p></entry>
<entry colname="col4"><p>description</p></entry>
</row>
</thead>
<tbody>
<row>
<entry colname="col1"><codeph>starelid</codeph></entry>
<entry colname="col2"><p>oid</p></entry>
<entry colname="col3"><p><ph>pg_class.oid </ph></p></entry>
<entry colname="col4"><p>The table or index that the described column
belongs to.</p></entry>
</row>
<row>
<entry colname="col1"><codeph>staattnum</codeph></entry>
<entry colname="col2"><p>int2</p></entry>
<entry colname="col3"><p><ph>pg_attribute.attnum</ph></p></entry>
<entry colname="col4"><p>The number of the described column.</p></entry>
</row>
<row>
<entry colname="col1"><codeph>stanullfrac</codeph></entry>
<entry colname="col2"><p>float4</p></entry>
<entry colname="col3"></entry>
<entry colname="col4"><p>The fraction of the column’s entries that
are null.</p></entry>
</row>
<row>
<entry colname="col1"><codeph>stawidth</codeph></entry>
<entry colname="col2"><p>int4</p></entry>
<entry colname="col3"></entry>
<entry colname="col4"><p>The average stored width, in bytes, of nonnull
entries.</p></entry>
</row>
<row>
<entry colname="col1"><codeph>stadistinct</codeph></entry>
<entry colname="col2"><p>float4</p></entry>
<entry colname="col3"></entry>
<entry colname="col4"><p>The number of distinct nonnull data values in
the column. A value greater than zero is the actual number of distinct
values. A value less than zero is the negative of a fraction of the number
of rows in the table (for example, a column in which values appear about
twice on the average could be represented by stadistinct = -0.5). A zero
value means the number of distinct values is unknown.</p></entry>
</row>
<row>
<entry colname="col1"><codeph>stakind<i>N</i> </codeph></entry>
<entry colname="col2"><p>int2</p></entry>
<entry colname="col3"></entry>
<entry colname="col4"><p>A code number indicating the kind of statistics
stored in the <i>N</i>th slot of the pg_statistic row.</p></entry>
</row>
<row>
<entry colname="col1"><codeph>staop<i>N</i> </codeph></entry>
<entry colname="col2"><p>oid</p></entry>
<entry colname="col3"><p><ph>pg_operator.oid</ph></p></entry>
<entry colname="col4"><p>An operator used to derive the statistics stored
in the <i>N</i>th slot. For example, a histogram slot would show the
<codeph>&lt;</codeph> operator that defines the sort order of the data.</p></entry>
</row>
<row>
<entry colname="col1"><codeph>stanumbers<i>N</i> </codeph></entry>
<entry colname="col2"><p>float4[]</p></entry>
<entry colname="col3"></entry>
<entry colname="col4"><p>Numerical statistics of the appropriate kind
for the <i>N</i>th slot, or NULL if the slot kind does not involve numerical
values.</p></entry>
</row>
<row>
<entry colname="col1"><codeph>stavalues<i>N</i> </codeph></entry>
<entry colname="col2"><p>anyarray</p></entry>
<entry colname="col3"></entry>
<entry colname="col4"><p>Column data values of the appropriate kind for
the <i>N</i>th slot, or NULL if the slot kind does not store any data
values. Each array’s element values are actually of the specific column’s
data type, so there is no way to define these columns' type more specifically
than <i>anyarray</i>.</p></entry>
</row>
</tbody>
</tgroup>
</table>


</body>
</topic>

