<?xml version="1.0" encoding="UTF-8" ?>
<!DOCTYPE topic PUBLIC "-//OASIS//DTD DITA 1.1 Topic//EN"
  "http://docs.oasis-open.org/dita/v1.1/OS/dtd/topic.dtd">
<topic id="topic1" xml:lang="en">
<!-- generated by DCL filter dwhtm, Ver 4.1 m210 h293 -->
<title id="hu141670">pg_stat_partition_operations</title>
<body>
<p>The view <codeph>pg_stat_partition_operations</codeph> shows details
about the last operation performed on a partitioned table.</p>
<table id="hu141982">
<title>pg_catalog.pg_stat_partition_operations</title>
<tgroup cols="4">
<colspec colnum="1" colname="col1" colwidth="131pt" />
<colspec colnum="2" colname="col2" colwidth="86pt" />
<colspec colnum="3" colname="col3" colwidth="85pt" />
<colspec colnum="4" colname="col4" colwidth="147pt" />
<thead>
<row>
<entry colname="col1"><p>column</p></entry>
<entry colname="col2"><p>type</p></entry>
<entry colname="col3"><p>references</p></entry>
<entry colname="col4"><p>description</p></entry>
</row>
</thead>
<tbody>
<row>
<entry colname="col1"><codeph>classname</codeph></entry>
<entry colname="col2"><p>text</p></entry>
<entry colname="col3"><codeph></codeph></entry>
<entry colname="col4"><p>The name of the system table in the <ph>pg_catalog</ph>
schema where the record about this object is stored (always <ph>pg_class</ph>
for tables and partitions).</p></entry>
</row>
<row>
<entry colname="col1"><codeph>objname</codeph></entry>
<entry colname="col2"><p>name</p></entry>
<entry colname="col3"><codeph></codeph></entry>
<entry colname="col4"><p>The name of the object.</p></entry>
</row>
<row>
<entry colname="col1"><codeph>objid</codeph></entry>
<entry colname="col2"><p>oid</p></entry>
<entry colname="col3"><codeph></codeph></entry>
<entry colname="col4"><p>The OID of the object.</p></entry>
</row>
<row>
<entry colname="col1"><codeph>schemaname</codeph></entry>
<entry colname="col2"><p>name</p></entry>
<entry colname="col3"><codeph></codeph></entry>
<entry colname="col4"><p>The name of the schema where the object resides.</p></entry>
</row>
<row>
<entry colname="col1"><codeph>usestatus</codeph></entry>
<entry colname="col2"><p>text</p></entry>
<entry colname="col3"><codeph></codeph></entry>
<entry colname="col4"><p>The status of the role who performed the last
operation on the object (<ph>CURRENT</ph>=a currently active role in
the system, <ph>DROPPED</ph>=a role that no longer exists in the system,
<ph>CHANGED</ph>=a role name that exists in the system, but its definition
has changed since the last operation was performed).</p></entry>
</row>
<row>
<entry colname="col1"><codeph>usename</codeph></entry>
<entry colname="col2"><p>name</p></entry>
<entry colname="col3"><codeph></codeph></entry>
<entry colname="col4"><p>The name of the role that performed the operation
on this object.</p></entry>
</row>
<row>
<entry colname="col1"><codeph>actionname</codeph></entry>
<entry colname="col2"><p>name</p></entry>
<entry colname="col3"><codeph></codeph></entry>
<entry colname="col4"><p>The action that was taken on the object.</p></entry>
</row>
<row>
<entry colname="col1"><codeph>subtype</codeph></entry>
<entry colname="col2"><p>text</p></entry>
<entry colname="col3"><codeph></codeph></entry>
<entry colname="col4"><p>The type of object operated on or the subclass
of operation performed.</p></entry>
</row>
<row>
<entry colname="col1"><codeph>statime</codeph></entry>
<entry colname="col2"><p>timestampz</p></entry>
<entry colname="col3"><codeph></codeph></entry>
<entry colname="col4"><p>The timestamp of the operation. This is the
same timestamp that is written to the Greenplum Database server log files
in case you need to look up more detailed information about the operation
in the logs.</p></entry>
</row>
<row>
<entry colname="col1"><codeph>partitionlevel</codeph></entry>
<entry colname="col2"><p>smallint</p></entry>
<entry colname="col3"></entry>
<entry colname="col4"><p>The level of this partition in the hierarchy.</p></entry>
</row>
<row>
<entry colname="col1"><codeph>parenttablename</codeph></entry>
<entry colname="col2"><p>name</p></entry>
<entry colname="col3"></entry>
<entry colname="col4"><p>The relation name of the parent table one level
up from this partition.</p></entry>
</row>
<row>
<entry colname="col1"><codeph>parentschemaname</codeph></entry>
<entry colname="col2"><p>name</p></entry>
<entry colname="col3"></entry>
<entry colname="col4"><p>The name of the schema where the parent table
resides.</p></entry>
</row>
<row>
<entry colname="col1"><codeph>parent_relid</codeph></entry>
<entry colname="col2"><p>oid</p></entry>
<entry colname="col3"></entry>
<entry colname="col4"><p>The OID of the parent table one level up from
this partition.</p></entry>
</row>
</tbody>
</tgroup>
</table>


</body>
</topic>

