<?xml version="1.0" encoding="UTF-8" ?>
<!DOCTYPE topic PUBLIC "-//OASIS//DTD DITA 1.1 Topic//EN"
  "http://docs.oasis-open.org/dita/v1.1/OS/dtd/topic.dtd">
<topic id="topic1" xml:lang="en">
<!-- generated by DCL filter dwhtm, Ver 4.1 m210 h293 -->
<title id="hs138336">pg_stat_last_shoperation<ph outputclass="phindex"><indexterm>pg_stat_last_shoperation
</indexterm><indexterm>system catalogs
<indexterm>pg_stat_last_shoperation</indexterm>
</indexterm><indexterm>pg_stat_last_shoperation
</indexterm><indexterm>system catalogs
<indexterm>pg_stat_last_shoperation</indexterm>
</indexterm></ph></title>
<body>
<p>The pg_stat_last_shoperation table contains metadata tracking information
about global objects (roles, tablespaces, etc.).</p>
<table id="hs138428">
<title>pg_catalog.pg_stat_last_shoperation</title>
<tgroup cols="4">
<colspec colnum="1" colname="col1" colwidth="131pt" />
<colspec colnum="2" colname="col2" colwidth="102pt" />
<colspec colnum="3" colname="col3" colwidth="82pt" />
<colspec colnum="4" colname="col4" colwidth="134pt" />
<thead>
<row>
<entry colname="col1"><p>column</p></entry>
<entry colname="col2"><p>type</p></entry>
<entry colname="col3"><p>references</p></entry>
<entry colname="col4"><p>description</p></entry>
</row>
</thead>
<tbody>
<row>
<entry colname="col1"><codeph id="hs163411">classid<ph outputclass="phindex"><indexterm>classid
</indexterm></ph></codeph></entry>
<entry colname="col2"><p>oid</p></entry>
<entry colname="col3"><p>pg_class.oid</p></entry>
<entry colname="col4"><p>OID of the system catalog containing the object.
</p></entry>
</row>
<row>
<entry colname="col1"><codeph id="hs163416">objid<ph outputclass="phindex"><indexterm>objid
</indexterm></ph></codeph></entry>
<entry colname="col2"><p>oid</p></entry>
<entry colname="col3"><p>any OID column</p></entry>
<entry colname="col4"><p>OID of the object within its system catalog.</p></entry>
</row>
<row>
<entry colname="col1"><codeph id="hs163422">staactionname<ph outputclass="phindex"><indexterm>staactionname
</indexterm></ph></codeph></entry>
<entry colname="col2"><p>name</p></entry>
<entry colname="col3"></entry>
<entry colname="col4"><p>The action that was taken on the object.</p></entry>
</row>
<row>
<entry colname="col1"><codeph id="hs163427">stasysid<ph outputclass="phindex"><indexterm>stasysid
</indexterm></ph></codeph></entry>
<entry colname="col2"><p>oid</p></entry>
<entry colname="col3"></entry>
<entry colname="col4"></entry>
</row>
<row>
<entry colname="col1"><codeph id="hs163432">stausename<ph outputclass="phindex"><indexterm>stausename
</indexterm></ph></codeph></entry>
<entry colname="col2"><p>name</p></entry>
<entry colname="col3"></entry>
<entry colname="col4"><p>The name of the role that performed the operation
on this object.</p></entry>
</row>
<row>
<entry colname="col1"><codeph id="hs163437">stasubtype<ph outputclass="phindex"><indexterm>stasubtype
</indexterm></ph></codeph></entry>
<entry colname="col2"><p>text</p></entry>
<entry colname="col3"></entry>
<entry colname="col4"><p>The type of object operated on or the subclass
of operation performed.</p></entry>
</row>
<row>
<entry colname="col1"><codeph id="hs163442">statime<ph outputclass="phindex"><indexterm>statime
</indexterm></ph></codeph></entry>
<entry colname="col2"><p>timestamp with timezone</p></entry>
<entry colname="col3"></entry>
<entry colname="col4"><p>The timestamp of the operation. This is the
same timestamp that is written to the Greenplum Database server log files
in case you need to look up more detailed information about the operation
in the logs.</p></entry>
</row>
</tbody>
</tgroup>
</table>


</body>
</topic>

