<?xml version="1.0" encoding="UTF-8" ?>
<!DOCTYPE topic PUBLIC "-//OASIS//DTD DITA 1.1 Topic//EN"
  "http://docs.oasis-open.org/dita/v1.1/OS/dtd/topic.dtd">
<topic id="topic1" xml:lang="en">
<!-- generated by DCL filter dwhtm, Ver 4.1 m210 h293 -->
<title id="hq141670">pg_stat_activity</title>
<body>
<p>The view <codeph>pg_stat_activity</codeph> shows one row per server
process and details about it associated user session and query. The columns
that report data on the current query are available unless the parameter
<codeph>stats_command_string</codeph> has been turned off. Furthermore,
these columns are only visible if the user examining the view is a superuser
or the same as the user owning the process being reported on.</p>
<p>The maximum length of the query text sting stored in the column <codeph>current_query</codeph>
can be controlled with the server configuration parameter <codeph>pgstat_track_activity_query_size</codeph>.
</p>
<table id="hq141982">
<title>pg_catalog.pg_stat_activity</title>
<tgroup cols="4">
<colspec colnum="1" colname="col1" colwidth="131pt" />
<colspec colnum="2" colname="col2" colwidth="86pt" />
<colspec colnum="3" colname="col3" colwidth="85pt" />
<colspec colnum="4" colname="col4" colwidth="147pt" />
<thead>
<row>
<entry colname="col1"><p>column</p></entry>
<entry colname="col2"><p>type</p></entry>
<entry colname="col3"><p>references</p></entry>
<entry colname="col4"><p>description</p></entry>
</row>
</thead>
<tbody>
<row>
<entry colname="col1"><codeph>datid</codeph></entry>
<entry colname="col2"><p>oid</p></entry>
<entry colname="col3"><p><ph>pg_database.oid</ph></p></entry>
<entry colname="col4"><p>Database OID</p></entry>
</row>
<row>
<entry colname="col1"><codeph>datname</codeph></entry>
<entry colname="col2"><p>name</p></entry>
<entry colname="col3"></entry>
<entry colname="col4"><p>Database name</p></entry>
</row>
<row>
<entry colname="col1"><codeph>procpid</codeph></entry>
<entry colname="col2"><p>integer</p></entry>
<entry colname="col3"></entry>
<entry colname="col4"><p>Process ID of the server process</p></entry>
</row>
<row>
<entry colname="col1"><codeph>sess_id</codeph></entry>
<entry colname="col2"><p>integer</p></entry>
<entry colname="col3"></entry>
<entry colname="col4"><p>Session ID</p></entry>
</row>
<row>
<entry colname="col1"><codeph>usesysid</codeph></entry>
<entry colname="col2"><p>oid</p></entry>
<entry colname="col3"><p><ph>pg_authid.oid</ph></p></entry>
<entry colname="col4"><p>Role OID</p></entry>
</row>
<row>
<entry colname="col1"><codeph>usename</codeph></entry>
<entry colname="col2"><p>name</p></entry>
<entry colname="col3"></entry>
<entry colname="col4"><p>Role name</p></entry>
</row>
<row>
<entry colname="col1"><codeph>current_query</codeph></entry>
<entry colname="col2"><p>text</p></entry>
<entry colname="col3"></entry>
<entry colname="col4"><p>Current query that process is running</p></entry>
</row>
<row>
<entry colname="col1"><codeph>waiting</codeph></entry>
<entry colname="col2"><p>boolean</p></entry>
<entry colname="col3"></entry>
<entry colname="col4"><p>True if waiting on a lock, false if not waiting</p></entry>
</row>
<row>
<entry colname="col1"><codeph>query_start</codeph></entry>
<entry colname="col2"><p>timestampz</p></entry>
<entry colname="col3"></entry>
<entry colname="col4"><p>Time query began execution</p></entry>
</row>
<row>
<entry colname="col1"><codeph>backend_start</codeph></entry>
<entry colname="col2"><p>timestampz</p></entry>
<entry colname="col3"></entry>
<entry colname="col4"><p>Time backend process was started</p></entry>
</row>
<row>
<entry colname="col1"><codeph>client_addr</codeph></entry>
<entry colname="col2"><p>inet</p></entry>
<entry colname="col3"></entry>
<entry colname="col4"><p>Client address</p></entry>
</row>
<row>
<entry colname="col1"><codeph>client_port</codeph></entry>
<entry colname="col2"><p>integer</p></entry>
<entry colname="col3"></entry>
<entry colname="col4"><p>Client port</p></entry>
</row>
<row>
<entry colname="col1"><codeph>application_name</codeph></entry>
<entry colname="col2"><p>text</p></entry>
<entry colname="col3"></entry>
<entry colname="col4"><p>Client application name</p></entry>
</row>
<row>
<entry colname="col1"><codeph>xact_start</codeph></entry>
<entry colname="col2"><p>timestampz</p></entry>
<entry colname="col3"></entry>
<entry colname="col4"><p>Transaction start time</p></entry>
</row>
<row>
<entry colname="col1"><codeph>waiting_reason</codeph></entry>
<entry colname="col2"><p>text</p></entry>
<entry colname="col3"></entry>
<entry colname="col4"><p>Reason the server process is waiting. The value
can be:</p><p>lock replication</p></entry>
</row>
</tbody>
</tgroup>
</table>


</body>
</topic>

