<?xml version="1.0" encoding="UTF-8" ?>
<!DOCTYPE topic PUBLIC "-//OASIS//DTD DITA 1.1 Topic//EN"
  "http://docs.oasis-open.org/dita/v1.1/OS/dtd/topic.dtd">
<topic id="topic1" xml:lang="en">
<!-- generated by DCL filter dwhtm, Ver 4.1 m210 h293 -->
<title id="hx156255">pg_tablespace</title>
<body>
<p>The <codeph>pg_tablespace</codeph> system catalog table stores information
about the available tablespaces. Tables can be placed in particular tablespaces
to aid administration of disk layout. Unlike most system catalogs, <codeph>pg_tablespace</codeph>
is shared across all databases of a Greenplum system: there is only one
copy of <codeph>pg_tablespace</codeph> per system, not one per database.</p>
<table id="hx156260">
<title>pg_catalog.pg_tablespace</title>
<tgroup cols="4">
<colspec colnum="1" colname="col1" colwidth="131pt" />
<colspec colnum="2" colname="col2" colwidth="86pt" />
<colspec colnum="3" colname="col3" colwidth="85pt" />
<colspec colnum="4" colname="col4" colwidth="147pt" />
<thead>
<row>
<entry colname="col1"><p>column</p></entry>
<entry colname="col2"><p>type</p></entry>
<entry colname="col3"><p>references</p></entry>
<entry colname="col4"><p>description</p></entry>
</row>
</thead>
<tbody>
<row>
<entry colname="col1"><codeph>spcname</codeph></entry>
<entry colname="col2"><p>name</p></entry>
<entry colname="col3"></entry>
<entry colname="col4"><p>Tablespace name.</p></entry>
</row>
<row>
<entry colname="col1"><codeph>spcowner</codeph></entry>
<entry colname="col2"><p>oid</p></entry>
<entry colname="col3"><p><ph>pg_authid.oid</ph></p></entry>
<entry colname="col4"><p>Owner of the tablespace, usually the user who
created it.</p></entry>
</row>
<row>
<entry colname="col1"><codeph>spclocation</codeph></entry>
<entry colname="col2"><p>text[]</p></entry>
<entry colname="col3"></entry>
<entry colname="col4"><p>Deprecated.</p></entry>
</row>
<row>
<entry colname="col1"><codeph>spcacl </codeph></entry>
<entry colname="col2"><p>aclitem[] </p></entry>
<entry colname="col3"></entry>
<entry colname="col4"><p>Tablespace access privileges.</p></entry>
</row>
<row>
<entry colname="col1"><codeph>spcprilocations</codeph></entry>
<entry colname="col2"><p>text[]</p></entry>
<entry colname="col3"></entry>
<entry colname="col4"><p>Deprecated.</p></entry>
</row>
<row>
<entry colname="col1"><codeph>spcmrilocations</codeph></entry>
<entry colname="col2"><p>text[]</p></entry>
<entry colname="col3"></entry>
<entry colname="col4"><p>Deprecated.</p></entry>
</row>
<row>
<entry colname="col1"><codeph>spcfsoid</codeph></entry>
<entry colname="col2"><p>oid</p></entry>
<entry colname="col3"><p><ph>pg_filespace.oid</ph></p></entry>
<entry colname="col4"><p>The object id of the filespace used by this
tablespace. A filespace defines directory locations on the primary, mirror
and master segments.</p></entry>
</row>
</tbody>
</tgroup>
</table>


</body>
</topic>

