<?xml version="1.0" encoding="UTF-8" ?>
<!DOCTYPE topic PUBLIC "-//OASIS//DTD DITA 1.1 Topic//EN"
  "http://docs.oasis-open.org/dita/v1.1/OS/dtd/topic.dtd">
<topic id="topic1" xml:lang="en">
<!-- generated by DCL filter dwhtm, Ver 4.1 m210 h293 -->
<title id="hy156255">pg_trigger</title>
<body>
<p>The <codeph>pg_trigger</codeph> system catalog table stores triggers
on tables.</p>
<note type="note">
<p>Greenplum Database does not support triggers. </p>
<table id="hy183441">
<title>pg_catalog.pg_trigger</title>
<tgroup cols="4">
<colspec colnum="1" colname="col1" colwidth="131pt" />
<colspec colnum="2" colname="col2" colwidth="86pt" />
<colspec colnum="3" colname="col3" colwidth="85pt" />
<colspec colnum="4" colname="col4" colwidth="147pt" />
<thead>
<row>
<entry colname="col1"><p>column</p></entry>
<entry colname="col2"><p>type</p></entry>
<entry colname="col3"><p>references</p></entry>
<entry colname="col4"><p>description</p></entry>
</row>
</thead>
<tbody>
<row>
<entry colname="col1"><codeph>tgrelid</codeph></entry>
<entry colname="col2"><p>oid </p></entry>
<entry colname="col3"><p><ph>pg_class.oid</ph></p><p><ph>Note that Greenplum
Database does not enforce referential integrity.</ph></p></entry>
<entry colname="col4"><p>The table this trigger is on.</p></entry>
</row>
<row>
<entry colname="col1"><codeph>tgname</codeph></entry>
<entry colname="col2"><p>name</p></entry>
<entry colname="col3"></entry>
<entry colname="col4"><p>Trigger name (must be unique among triggers
of same table).</p></entry>
</row>
<row>
<entry colname="col1"><codeph>tgfoid</codeph></entry>
<entry colname="col2"><p>oid</p></entry>
<entry colname="col3"><p><ph>pg_proc.oid</ph></p><p><ph>Note that Greenplum
Database does not enforce referential integrity.</ph></p></entry>
<entry colname="col4"><p>The function to be called.</p></entry>
</row>
<row>
<entry colname="col1"><codeph>tgtype</codeph></entry>
<entry colname="col2"><p>int2</p></entry>
<entry colname="col3"></entry>
<entry colname="col4"><p>Bit mask identifying trigger conditions.</p></entry>
</row>
<row>
<entry colname="col1"><codeph>tgenabled</codeph></entry>
<entry colname="col2"><p>boolean</p></entry>
<entry colname="col3"></entry>
<entry colname="col4"><p>True if trigger is enabled.</p></entry>
</row>
<row>
<entry colname="col1"><codeph>tgisconstraint</codeph></entry>
<entry colname="col2"><p>boolean</p></entry>
<entry colname="col3"></entry>
<entry colname="col4"><p>True if trigger implements a referential integrity
constraint.</p></entry>
</row>
<row>
<entry colname="col1"><codeph>tgconstrname</codeph></entry>
<entry colname="col2"><p>name</p></entry>
<entry colname="col3"></entry>
<entry colname="col4"><p>Referential integrity constraint name.</p></entry>
</row>
<row>
<entry colname="col1"><codeph>tgconstrrelid</codeph></entry>
<entry colname="col2"><p>oid</p></entry>
<entry colname="col3"><p><ph>pg_class.oid</ph></p><p><ph>Note that Greenplum
Database does not enforce referential integrity.</ph></p></entry>
<entry colname="col4"><p>The table referenced by an referential integrity
constraint.</p></entry>
</row>
<row>
<entry colname="col1"><codeph>tgdeferrable</codeph></entry>
<entry colname="col2"><p>boolean</p></entry>
<entry colname="col3"></entry>
<entry colname="col4"><p>True if deferrable.</p></entry>
</row>
<row>
<entry colname="col1"><codeph>tginitdeferred</codeph></entry>
<entry colname="col2"><p>boolean</p></entry>
<entry colname="col3"></entry>
<entry colname="col4"><p>True if initially deferred.</p></entry>
</row>
<row>
<entry colname="col1"><codeph>tgnargs</codeph></entry>
<entry colname="col2"><p>int2</p></entry>
<entry colname="col3"></entry>
<entry colname="col4"><p>Number of argument strings passed to trigger
function.</p></entry>
</row>
<row>
<entry colname="col1"><codeph>tgattr</codeph></entry>
<entry colname="col2"><p>int2vector</p></entry>
<entry colname="col3"></entry>
<entry colname="col4"><p>Currently unused.</p></entry>
</row>
<row>
<entry colname="col1"><codeph>tgargs</codeph></entry>
<entry colname="col2"><p>bytea</p></entry>
<entry colname="col3"></entry>
<entry colname="col4"><p>Argument strings to pass to trigger, each NULL-terminated.</p></entry>
</row>
</tbody>
</tgroup>
</table>


</note>
</body>
</topic>

