<?xml version="1.0" encoding="UTF-8" ?>
<!DOCTYPE topic PUBLIC "-//OASIS//DTD DITA 1.1 Topic//EN"
  "http://docs.oasis-open.org/dita/v1.1/OS/dtd/topic.dtd">
<topic id="topic1" xml:lang="en">
<!-- generated by DCL filter dwhtm, Ver 4.1 m210 h293 -->
<title id="hz156255">pg_type</title>
<body>
<p>The <codeph>pg_type</codeph> system catalog table stores information
about data types. Base types (scalar types) are created with <codeph>CREATE
TYPE</codeph>, and domains with <codeph>CREATE DOMAIN</codeph>. A composite
type is automatically created for each table in the database, to represent
the row structure of the table. It is also possible to create composite
types with <codeph>CREATE TYPE AS</codeph>.</p>
<table id="hz156260">
<title>pg_catalog.pg_type</title>
<tgroup cols="4">
<colspec colnum="1" colname="col1" colwidth="131pt" />
<colspec colnum="2" colname="col2" colwidth="52pt" />
<colspec colnum="3" colname="col3" colwidth="79pt" />
<colspec colnum="4" colname="col4" colwidth="189pt" />
<thead>
<row>
<entry colname="col1"><p>column</p></entry>
<entry colname="col2"><p>type</p></entry>
<entry colname="col3"><p>references</p></entry>
<entry colname="col4"><p>description</p></entry>
</row>
</thead>
<tbody>
<row>
<entry colname="col1"><codeph>typname</codeph></entry>
<entry colname="col2"><p><ph>name</ph></p></entry>
<entry colname="col3"></entry>
<entry colname="col4"><p>Data type name.</p></entry>
</row>
<row>
<entry colname="col1"><codeph>typnamespace</codeph></entry>
<entry colname="col2"><p><ph>oid</ph></p></entry>
<entry colname="col3"><p><ph>pg_namespace.oid</ph></p></entry>
<entry colname="col4"><p>The OID of the namespace that contains this
type.</p></entry>
</row>
<row>
<entry colname="col1"><codeph>typowner</codeph></entry>
<entry colname="col2"><p><ph>oid</ph></p></entry>
<entry colname="col3"><p><ph>pg_authid.oid</ph></p></entry>
<entry colname="col4"><p>Owner of the type.</p></entry>
</row>
<row>
<entry colname="col1"><codeph>typlen </codeph></entry>
<entry colname="col2"><p><ph>int2</ph></p></entry>
<entry colname="col3"></entry>
<entry colname="col4"><p>For a fixed-size type, <i>typlen</i> is the
number of bytes in the internal representation of the type. But for a
variable-length type, <i>typlen</i> is negative. <codeph>-1</codeph>
indicates a ‘varlena’ type (one that has a length word), <codeph>-2</codeph>
indicates a null-terminated C string.</p></entry>
</row>
<row>
<entry colname="col1"><codeph>typbyval</codeph></entry>
<entry colname="col2"><p><ph>boolean</ph></p></entry>
<entry colname="col3"></entry>
<entry colname="col4"><p>Determines whether internal routines pass a
value of this type by value or by reference. <i>typbyval </i>had better
be false if <i>typlen</i> is not 1, 2, or 4 (or 8 on machines where Datum
is 8 bytes). Variable-length types are always passed by reference. Note
that <i>typbyval</i> can be false even if the length would allow pass-by-value;
this is currently true for type <codeph>float4</codeph>, for example.</p></entry>
</row>
<row>
<entry colname="col1"><codeph>typtype</codeph></entry>
<entry colname="col2"><p><ph>char</ph></p></entry>
<entry colname="col3"></entry>
<entry colname="col4"><p><codeph>b</codeph> for a base type, <codeph>c</codeph>
for a composite type, <codeph>d</codeph> for a domain, or <codeph>p</codeph>
for a pseudo-type.</p></entry>
</row>
<row>
<entry colname="col1"><codeph>typisdefined</codeph></entry>
<entry colname="col2"><p><ph>boolean</ph></p></entry>
<entry colname="col3"></entry>
<entry colname="col4"><p>True if the type is defined, false if this is
a placeholder entry for a not-yet-defined type. When false, nothing except
the type name, namespace, and OID can be relied on.</p></entry>
</row>
<row>
<entry colname="col1"><codeph>typdelim</codeph></entry>
<entry colname="col2"><p><ph>char</ph></p></entry>
<entry colname="col3"></entry>
<entry colname="col4"><p>Character that separates two values of this
type when parsing array input. Note that the delimiter is associated
with the array element data type, not the array data type.</p></entry>
</row>
<row>
<entry colname="col1"><codeph>typrelid</codeph></entry>
<entry colname="col2"><p><ph>oid</ph></p></entry>
<entry colname="col3"><p><ph>pg_class.oid</ph></p></entry>
<entry colname="col4"><p>If this is a composite type, then this column
points to the <i>pg_class</i> entry that defines the corresponding table.
(For a free-standing composite type, the <i>pg_class</i> entry does not
really represent a table, but it is needed anyway for the type’s <i>pg_attribute</i>
entries to link to.) Zero for non-composite types.</p></entry>
</row>
<row>
<entry colname="col1"><codeph>typelem</codeph></entry>
<entry colname="col2"><p>oid</p></entry>
<entry colname="col3"><p><ph>pg_type.oid</ph></p></entry>
<entry colname="col4"><p>If not <codeph>0</codeph> then it identifies
another row in <ph>pg_type</ph>. The current type can then be subscripted
like an array yielding values of type <ph>typelem</ph>. A true array
type is variable length (<ph>typlen</ph> = <codeph>-1</codeph>), but
some fixed-length (<ph>typlen</ph> <codeph>&gt; 0</codeph>) types also
have nonzero <ph>typelem</ph>, for example <codeph>name</codeph> and
<codeph>point</codeph>. If a fixed-length type has a <ph>typelem</ph>
then its internal representation must be some number of values of the
<ph>typelem</ph> data type with no other data. Variable-length array
types have a header defined by the array subroutines.</p></entry>
</row>
<row>
<entry colname="col1"><codeph>typinput</codeph></entry>
<entry colname="col2"><p>regproc</p></entry>
<entry colname="col3"><p><ph>pg_proc.oid</ph></p></entry>
<entry colname="col4"><p>Input conversion function (text format).</p></entry>
</row>
<row>
<entry colname="col1"><codeph>typoutput</codeph></entry>
<entry colname="col2"><p>regproc</p></entry>
<entry colname="col3"><p><ph>pg_proc.oid</ph></p></entry>
<entry colname="col4"><p>Output conversion function (text format).</p></entry>
</row>
<row>
<entry colname="col1"><codeph>typreceive</codeph></entry>
<entry colname="col2"><p>regproc</p></entry>
<entry colname="col3"><p><ph>pg_proc.oid</ph></p></entry>
<entry colname="col4"><p>Input conversion function (binary format), or
0 if none.</p></entry>
</row>
<row>
<entry colname="col1"><codeph>typsend</codeph></entry>
<entry colname="col2"><p>regproc</p></entry>
<entry colname="col3"><p><ph>pg_proc.oid</ph></p></entry>
<entry colname="col4"><p>Output conversion function (binary format),
or 0 if none.</p></entry>
</row>
<row>
<entry colname="col1"><codeph>typanalyze</codeph></entry>
<entry colname="col2"><p>regproc</p></entry>
<entry colname="col3"><p><ph>pg_proc.oid</ph></p></entry>
<entry colname="col4"><p>Custom <codeph>ANALYZE</codeph> function, or
0 to use the standard function.</p></entry>
</row>
<row>
<entry colname="col1"><codeph>typalign</codeph></entry>
<entry colname="col2"><p>char</p></entry>
<entry colname="col3"></entry>
<entry colname="col4"><p>The alignment required when storing a value
of this type. It applies to storage on disk as well as most representations
of the value inside Greenplum Database. When multiple values are stored
consecutively, such as in the representation of a complete row on disk,
padding is inserted before a datum of this type so that it begins on
the specified boundary. The alignment reference is the beginning of the
first datum in the sequence. Possible values are: </p><p><codeph>c</codeph>
= char alignment (no alignment needed).</p><p><codeph>s</codeph> = short
alignment (2 bytes on most machines).</p><p><codeph>i</codeph> = int
alignment (4 bytes on most machines).</p><p><codeph>d</codeph> = double
alignment (8 bytes on many machines, but not all).</p></entry>
</row>
<row>
<entry colname="col1"><codeph>typstorage</codeph></entry>
<entry colname="col2"><p>char</p></entry>
<entry colname="col3"></entry>
<entry colname="col4"><p>For varlena types (those with typlen = -1) tells
if the type is prepared for toasting and what the default strategy for
attributes of this type should be. Possible values are:</p><p><codeph>p</codeph>:
Value must always be stored plain.</p><p><codeph>e</codeph>: Value can
be stored in a secondary relation (if relation has one, see <i>pg_class.reltoastrelid</i>).
</p><p><codeph>m</codeph>: Value can be stored compressed inline.</p><p><codeph>x</codeph>:
Value can be stored compressed inline or stored in secondary storage.</p><p>Note
that <codeph>m</codeph> columns can also be moved out to secondary storage,
but only as a last resort (<codeph>e</codeph> and <codeph>x</codeph>
columns are moved first).</p></entry>
</row>
<row>
<entry colname="col1"><codeph>typnotnull</codeph></entry>
<entry colname="col2"><p>boolean</p></entry>
<entry colname="col3"></entry>
<entry colname="col4"><p>Represents a not-null constraint on a type.
Used for domains only.</p></entry>
</row>
<row>
<entry colname="col1"><codeph>typbasetype</codeph></entry>
<entry colname="col2"><p>oid</p></entry>
<entry colname="col3"><p><ph>pg_type.oid</ph></p></entry>
<entry colname="col4"><p>Identifies the type that a domain is based on.
Zero if this type is not a domain.</p></entry>
</row>
<row>
<entry colname="col1"><codeph>typtypmod</codeph></entry>
<entry colname="col2"><p>int4</p></entry>
<entry colname="col3"></entry>
<entry colname="col4"><p>Domains use <ph>typtypmod</ph> to record the
<ph>typmod</ph> to be applied to their base type (-1 if base type does
not use a <ph>typmod</ph>). -1 if this type is not a domain.</p></entry>
</row>
<row>
<entry colname="col1"><codeph>typndims</codeph></entry>
<entry colname="col2"><p>int4</p></entry>
<entry colname="col3"></entry>
<entry colname="col4"><p>The number of array dimensions for a domain
that is an array (if <ph>typbasetype</ph> is an array type; the domain’s
<ph>typelem</ph> will match the base type’s <ph>typelem</ph>). Zero
for types other than array domains.</p></entry>
</row>
<row>
<entry colname="col1"><codeph>typdefaultbin</codeph></entry>
<entry colname="col2"><p>text</p></entry>
<entry colname="col3"></entry>
<entry colname="col4"><p>If not null, it is the <codeph>nodeToString()</codeph>
representation of a default expression for the type. This is only used
for domains.</p></entry>
</row>
<row>
<entry colname="col1"><codeph>typdefault</codeph></entry>
<entry colname="col2"><p>text</p></entry>
<entry colname="col3"></entry>
<entry colname="col4"><p>Null if the type has no associated default value.
If not null, <ph>typdefault</ph> must contain a human-readable version
of the default expression represented by <ph>typdefaultbin</ph>. If <ph>typdefaultbin</ph>
is null and <ph>typdefault</ph> is not, then <ph>typdefault</ph> is the
external representation of the type’s default value, which may be fed
to the type’s input converter to produce a constant.</p></entry>
</row>
</tbody>
</tgroup>
</table>


</body>
</topic>

