<?xml version="1.0" encoding="UTF-8" ?>
<!DOCTYPE topic PUBLIC "-//OASIS//DTD DITA 1.1 Topic//EN"
  "http://docs.oasis-open.org/dita/v1.1/OS/dtd/topic.dtd">
<topic id="topic1" xml:lang="en">
<!-- generated by DCL filter dwhtm, Ver 4.1 m210 h293 -->
<title id="ib138336">pg_user_mapping<ph outputclass="phindex"><indexterm>pg_user_mapping
</indexterm><indexterm>system catalogs
<indexterm>pg_user_mapping</indexterm>
</indexterm><indexterm>gp_configuration
</indexterm><indexterm>system catalogs
<indexterm>gp_configuration</indexterm>
</indexterm></ph></title>
<body>
<p>The pg_user_mapping catalog stores the mappings from local users to
remote users. You must have administrator privileges to view this catalog.</p>
<table id="ib138428">
<title>pg_catalog.pg_user_mapping</title>
<tgroup cols="4">
<colspec colnum="1" colname="col1" colwidth="83pt" />
<colspec colnum="2" colname="col2" colwidth="60pt" />
<colspec colnum="3" colname="col3" colwidth="99pt" />
<colspec colnum="4" colname="col4" colwidth="205pt" />
<thead>
<row>
<entry colname="col1"><p>column</p></entry>
<entry colname="col2"><p>type</p></entry>
<entry colname="col3"><p>references</p></entry>
<entry colname="col4"><p>description</p></entry>
</row>
</thead>
<tbody>
<row>
<entry colname="col1"><codeph id="ib138551">umuser<ph outputclass="phindex"><indexterm>umuser
</indexterm></ph></codeph></entry>
<entry colname="col2"><p>oid</p></entry>
<entry colname="col3"><p>pg_authid.oid</p></entry>
<entry colname="col4"><p>OID of the local role being mapped, 0 if the
user mapping is public</p></entry>
</row>
<row>
<entry colname="col1"><codeph id="ib138559">umserver<ph outputclass="phindex"><indexterm>umserver
</indexterm></ph></codeph></entry>
<entry colname="col2"><p>oid</p></entry>
<entry colname="col3"><p>pg_foreign_server.oid</p></entry>
<entry colname="col4"><p>The OID of the foreign server that contains
this mapping </p></entry>
</row>
<row>
<entry colname="col1"><codeph id="ib138567">umoptions<ph outputclass="phindex"><indexterm>umoptions
</indexterm></ph></codeph></entry>
<entry colname="col2"><p>text [ ]</p></entry>
<entry colname="col3"></entry>
<entry colname="col4"><p>User mapping specific options, as "keyword=value"
 strings. </p></entry>
</row>
</tbody>
</tgroup>
</table>


</body>
</topic>

