<?xml version="1.0" encoding="UTF-8" ?>
<!DOCTYPE topic PUBLIC "-//OASIS//DTD DITA 1.1 Topic//EN"
  "http://docs.oasis-open.org/dita/v1.1/OS/dtd/topic.dtd">
<topic id="topic1" xml:lang="en">
<!-- generated by DCL filter dwhtm, Ver 4.1 m210 h293 -->
<title id="ic143896">pg_window</title>
<body>
<p>The <codeph>pg_window</codeph> table stores information about window
functions. Window functions are often used to compose complex OLAP (online
analytical processing) queries. Window functions are applied to partitioned
result sets within the scope of a single query expression. A window partition
is a subset of rows returned by a query, as defined in a special <codeph>OVER()</codeph>
clause. Typical window functions are <codeph>rank</codeph>, <codeph>dense_rank</codeph>,
and <codeph>row_number</codeph>. Each entry in <codeph>pg_window</codeph>
is an extension of an entry in <codeph>pg_proc</codeph>. The <codeph>pg_proc</codeph>
entry carries the window function’s name, input and output data types,
and other information that is similar to ordinary functions.</p>
<table id="ic143898">
<title>pg_catalog.pg_window</title>
<tgroup cols="4">
<colspec colnum="1" colname="col1" colwidth="131pt" />
<colspec colnum="2" colname="col2" colwidth="86pt" />
<colspec colnum="3" colname="col3" colwidth="85pt" />
<colspec colnum="4" colname="col4" colwidth="147pt" />
<thead>
<row>
<entry colname="col1"><p>column</p></entry>
<entry colname="col2"><p>type</p></entry>
<entry colname="col3"><p>references</p></entry>
<entry colname="col4"><p>description</p></entry>
</row>
</thead>
<tbody>
<row>
<entry colname="col1"><codeph>winfnoid</codeph></entry>
<entry colname="col2"><p>regproc</p></entry>
<entry colname="col3"><p><ph>pg_proc.oid</ph></p></entry>
<entry colname="col4"><p>The OID in <ph>pg_proc</ph> of the window function.</p></entry>
</row>
<row>
<entry colname="col1"><codeph>winrequireorder</codeph></entry>
<entry colname="col2"><p>boolean</p></entry>
<entry colname="col3"><p></p></entry>
<entry colname="col4"><p>The window function requires its window specification
to have an <codeph>ORDER BY</codeph> clause.</p></entry>
</row>
<row>
<entry colname="col1"><codeph>winallowframe</codeph></entry>
<entry colname="col2"><p>boolean</p></entry>
<entry colname="col3"><p></p></entry>
<entry colname="col4"><p>The window function permits its window specification
to have a <codeph>ROWS</codeph> or <codeph>RANGE</codeph> framing clause.</p></entry>
</row>
<row>
<entry colname="col1"><codeph>winpeercount</codeph></entry>
<entry colname="col2"><p>boolean</p></entry>
<entry colname="col3"><p></p></entry>
<entry colname="col4"><p>The peer group row count is required to compute
this window function, so the Window node implementation must ‘look
ahead’ as necessary to make this available in its internal state.</p></entry>
</row>
<row>
<entry colname="col1"><codeph>wincount</codeph></entry>
<entry colname="col2"><p>boolean</p></entry>
<entry colname="col3"><p></p></entry>
<entry colname="col4"><p>The partition row count is required to compute
this window function.</p></entry>
</row>
<row>
<entry colname="col1"><codeph>winfunc</codeph></entry>
<entry colname="col2"><p>regproc</p></entry>
<entry colname="col3"><p><ph>pg_proc.oid</ph></p></entry>
<entry colname="col4"><p>The OID in <ph>pg_proc</ph> of a function to
compute the value of an immediate-type window function.</p></entry>
</row>
<row>
<entry colname="col1"><codeph>winprefunc</codeph></entry>
<entry colname="col2"><p>regproc</p></entry>
<entry colname="col3"><p><ph>pg_proc.oid</ph></p></entry>
<entry colname="col4"><p>The OID in <ph>pg_proc</ph> of a preliminary
window function to compute the partial value of a deferred-type window
function.</p></entry>
</row>
<row>
<entry colname="col1"><codeph>winpretype</codeph></entry>
<entry colname="col2"><p>oid</p></entry>
<entry colname="col3"><p><ph>pg_type.oid</ph></p></entry>
<entry colname="col4"><p>The OID in <ph>pg_type</ph> of the preliminary
window function’s result type.</p></entry>
</row>
<row>
<entry colname="col1"><p>winfinfunc</p></entry>
<entry colname="col2"><p>regproc</p></entry>
<entry colname="col3"><p>pg_proc.oid</p></entry>
<entry colname="col4"><p>The OID in <i>pg_proc</i> of a function to compute
the final value of a deferred-type window function from the partition
row count and the result of <i>winprefunc</i>.</p></entry>
</row>
<row>
<entry colname="col1"><p>winkind</p></entry>
<entry colname="col2"><p>char</p></entry>
<entry colname="col3"></entry>
<entry colname="col4"><p>A character indicating membership of the window
function in a class of related functions:</p><p><codeph>w</codeph> -
ordinary window functions</p><p><codeph>n</codeph> - NTILE functions</p><p><codeph>f</codeph>
- FIRST_VALUE functions</p><p><codeph>l</codeph> - LAST_VALUE functions</p><p><codeph>g</codeph>
- LAG functions</p><p><codeph>d</codeph> - LEAD functions</p></entry>
</row>
</tbody>
</tgroup>
</table>


</body>
</topic>

